school,major,risk_level,source_present,official_source_type,required_recommended_mixed,numeric_score_suspect,gpa_suspect,credit_suspect,same_requirements_as_other_majors,needs_official_check,notes
University of Washington,Aeronautics & Astronautics,verified,true,official_site,false,false,false,false,false,false,None
University of Washington,Bioengineering,verified,true,official_site,false,false,false,false,false,false,None
University of Washington,Chemical Engineering,verified,true,official_site,false,false,false,false,false,false,None
University of Washington,Civil Engineering,verified,true,official_site,false,false,false,false,false,false,None
University of Washington,Computer Engineering,high_risk,true,official_site,false,false,false,false,true,true,No official required courses listed; Same required courses shared by 21 majors in this school
University of Washington,Computer Science,high_risk,true,official_site,false,false,false,false,true,true,No official required courses listed; Same required courses shared by 21 majors in this school
University of Washington,Electrical Engineering,high_risk,true,official_site,false,false,false,false,true,true,No official required courses listed; Same required courses shared by 21 majors in this school
University of Washington,Industrial Engineering,verified,true,official_site,false,false,false,false,false,false,None
University of Washington,Materials Science & Engineering,verified,true,official_site,false,false,false,false,false,false,None
University of Washington,Mechanical Engineering,verified,true,official_site,false,false,false,false,false,false,None
University of Washington,Human Centered Design & Engineering,high_risk,true,official_site,false,false,false,false,true,true,No official required courses listed; Same required courses shared by 21 majors in this school
University of Washington,Informatics,high_risk,true,official_site,false,false,false,false,true,true,No official required courses listed; Same required courses shared by 21 majors in this school
University of Washington,Business Administration,high_risk,true,official_site,false,false,false,false,true,true,No official required courses listed; Same required courses shared by 21 majors in this school
University of Washington,Economics,high_risk,true,official_site,false,false,false,false,true,true,No official required courses listed; Same required courses shared by 21 majors in this school
University of Washington,Psychology,high_risk,true,official_site,false,false,false,false,true,true,No official required courses listed; Same required courses shared by 21 majors in this school
University of Washington,Applied Mathematics,high_risk,true,official_site,false,false,false,false,true,true,No official required courses listed; Same required courses shared by 21 majors in this school
University of Washington,Statistics,high_risk,true,official_site,false,false,false,false,true,true,No official required courses listed; Same required courses shared by 21 majors in this school
University of Washington,Physics,high_risk,true,official_site,false,false,false,false,true,true,No official required courses listed; Same required courses shared by 21 majors in this school
University of Washington,Chemistry,high_risk,true,official_site,false,false,false,false,true,true,No official required courses listed; Same required courses shared by 21 majors in this school
University of Washington,Biology,high_risk,true,official_site,false,false,false,false,true,true,No official required courses listed; Same required courses shared by 21 majors in this school
University of Washington,Biochemistry,high_risk,true,official_site,false,false,false,false,true,true,No official required courses listed; Same required courses shared by 21 majors in this school
University of Washington,Mathematics,high_risk,true,official_site,false,false,false,false,true,true,No official required courses listed; Same required courses shared by 21 majors in this school
University of Washington,Communication,high_risk,true,official_site,false,false,false,false,true,true,No official required courses listed; Same required courses shared by 21 majors in this school
University of Washington,Political Science,high_risk,true,official_site,false,false,false,false,true,true,No official required courses listed; Same required courses shared by 21 majors in this school
University of Washington,Sociology,high_risk,true,official_site,false,false,false,false,true,true,No official required courses listed; Same required courses shared by 21 majors in this school
University of Washington,History,high_risk,true,official_site,false,false,false,false,true,true,No official required courses listed; Same required courses shared by 21 majors in this school
University of Washington,English,high_risk,true,official_site,false,false,false,false,true,true,No official required courses listed; Same required courses shared by 21 majors in this school
University of Washington,Philosophy,high_risk,true,official_site,false,false,false,false,true,true,No official required courses listed; Same required courses shared by 21 majors in this school
University of Washington,Computer Engineering (Allen School),verified,true,official_site,false,false,false,false,false,false,None
University of Washington,Electrical & Computer Engineering,verified,true,official_site,false,false,false,false,false,false,None
University of Washington,Environmental Engineering,verified,true,official_site,false,false,false,false,false,false,None
University of Michigan,Computer Science,high_risk,true,official_site,false,false,false,false,true,true,No official required courses listed; Same required courses shared by 13 majors in this school
University of Michigan,Data Science,high_risk,true,official_site,false,false,false,false,true,true,No official required courses listed; Same required courses shared by 13 majors in this school
University of Michigan,Computer Engineering,verified,true,official_site,false,false,false,false,false,false,None
University of Michigan,Electrical Engineering,verified,true,official_site,false,false,false,false,false,false,None
University of Michigan,Mechanical Engineering,verified,true,official_site,false,false,false,false,false,false,None
University of Michigan,Biomedical Engineering,verified,true,official_site,false,false,false,false,false,false,None
University of Michigan,Chemical Engineering,verified,true,official_site,false,false,false,false,false,false,None
University of Michigan,Civil Engineering,verified,true,official_site,false,false,false,false,false,false,None
University of Michigan,Industrial and Operations Engineering,high_risk,true,official_site,false,false,false,false,true,true,No official required courses listed; Same required courses shared by 13 majors in this school
University of Michigan,Aerospace Engineering,verified,true,official_site,false,false,false,false,false,false,None
University of Michigan,Materials Science and Engineering,high_risk,true,official_site,false,false,false,false,true,true,No official required courses listed; Same required courses shared by 13 majors in this school
University of Michigan,Naval Architecture and Marine Engineering,high_risk,true,official_site,false,false,false,false,true,true,No official required courses listed; Same required courses shared by 13 majors in this school
University of Michigan,Climate and Meteorology,high_risk,true,official_site,false,false,false,false,true,true,No official required courses listed; Same required courses shared by 13 majors in this school
University of Michigan,Business Administration,high_risk,true,official_site,false,false,false,false,true,true,No official required courses listed; Same required courses shared by 13 majors in this school
University of Michigan,Economics,high_risk,true,official_site,false,false,false,false,true,true,No official required courses listed; Same required courses shared by 13 majors in this school
University of Michigan,Psychology,high_risk,true,official_site,false,false,false,false,true,true,No official required courses listed; Same required courses shared by 13 majors in this school
University of Michigan,Biochemistry,high_risk,true,official_site,false,false,false,false,true,true,No official required courses listed; Same required courses shared by 13 majors in this school
University of Michigan,Biology,high_risk,true,official_site,false,false,false,false,true,true,No official required courses listed; Same required courses shared by 13 majors in this school
University of Michigan,Cognitive Science,high_risk,true,official_site,false,false,false,false,true,true,No official required courses listed; Same required courses shared by 13 majors in this school
University of Michigan,Information,high_risk,true,official_site,false,false,false,false,true,true,No official required courses listed; Same required courses shared by 13 majors in this school
University of Michigan,Computer Science (CoE),verified,true,official_site,false,false,false,false,false,false,None
University of Michigan,Earth Systems Science & Eng.,verified,true,official_site,false,false,false,false,false,false,None
University of Michigan,Engineering Physics,verified,true,official_site,false,false,false,false,false,false,None
University of Michigan,Environmental Engineering,verified,true,official_site,false,false,false,false,false,false,None
University of Michigan,Industrial & Operations Eng.,verified,true,official_site,false,false,false,false,false,false,None
University of Michigan,Materials Science & Engineering,verified,true,official_site,false,false,false,false,false,false,None
University of Michigan,Naval Architecture & Marine Eng.,verified,true,official_site,false,false,false,false,false,false,None
University of Michigan,Nuclear Eng. & Radiological Sci.,verified,true,official_site,false,false,false,false,false,false,None
University of Michigan,Economics (LSA),verified,true,official_site,false,false,false,false,false,false,None
Columbia University,Computer Science,verified,true,official_site,false,false,false,false,false,false,None
Columbia University,Computer Engineering,verified,true,official_site,false,false,false,false,false,false,None
Columbia University,Electrical Engineering,verified,true,official_site,false,false,false,false,false,false,None
Columbia University,Mechanical Engineering,verified,true,official_site,false,false,false,false,false,false,None
Columbia University,Biomedical Engineering,verified,true,official_site,false,false,false,false,false,false,None
Columbia University,Chemical Engineering,verified,true,official_site,false,false,false,false,false,false,None
Columbia University,Civil Engineering,high_risk,true,official_site,false,false,false,false,true,true,No official required courses listed; Same required courses shared by 16 majors in this school
Columbia University,Earth and Environmental Engineering,high_risk,true,official_site,false,false,false,false,true,true,No official required courses listed; Same required courses shared by 16 majors in this school
Columbia University,Industrial Engineering,high_risk,true,official_site,false,false,false,false,true,true,No official required courses listed; Same required courses shared by 16 majors in this school
Columbia University,Operations Research,high_risk,true,official_site,false,false,false,false,true,true,No official required courses listed; Same required courses shared by 16 majors in this school
Columbia University,Financial Engineering,high_risk,true,official_site,false,false,false,false,true,true,No official required courses listed; Same required courses shared by 16 majors in this school
Columbia University,Applied Mathematics,high_risk,true,official_site,false,false,false,false,true,true,No official required courses listed; Same required courses shared by 16 majors in this school
Columbia University,Applied Physics,high_risk,true,official_site,false,false,false,false,true,true,No official required courses listed; Same required courses shared by 16 majors in this school
Columbia University,Materials Science and Engineering,high_risk,true,official_site,false,false,false,false,true,true,No official required courses listed; Same required courses shared by 16 majors in this school
Columbia University,Economics,high_risk,true,official_site,false,false,false,false,true,true,No official required courses listed; Same required courses shared by 16 majors in this school
Columbia University,Financial Economics,high_risk,true,official_site,false,false,false,false,true,true,No official required courses listed; Same required courses shared by 16 majors in this school
Columbia University,Political Science,high_risk,true,official_site,false,false,false,false,true,true,No official required courses listed; Same required courses shared by 16 majors in this school
Columbia University,Psychology,high_risk,true,official_site,false,false,false,false,true,true,No official required courses listed; Same required courses shared by 16 majors in this school
Columbia University,History,high_risk,true,official_site,false,false,false,false,true,true,No official required courses listed; Same required courses shared by 16 majors in this school
Columbia University,Philosophy,high_risk,true,official_site,false,false,false,false,true,true,No official required courses listed; Same required courses shared by 16 majors in this school
Columbia University,English,high_risk,true,official_site,false,false,false,false,true,true,No official required courses listed; Same required courses shared by 16 majors in this school
Columbia University,Sociology,high_risk,true,official_site,false,false,false,false,true,true,No official required courses listed; Same required courses shared by 16 majors in this school
Columbia University,Applied Physics / Applied Mathematics,verified,true,official_site,false,false,false,false,false,false,None
Columbia University,Civil Engineering & Engineering Mechanics,verified,true,official_site,false,false,false,false,false,false,None
Columbia University,Earth & Environmental Engineering,verified,true,official_site,false,false,false,false,false,false,None
Columbia University,Engineering (Undecided / General),verified,true,official_site,false,false,false,false,false,false,None
Columbia University,Industrial Engineering & Operations Research,verified,true,official_site,false,false,false,false,false,false,None
Columbia University,Materials Science & Engineering,verified,true,official_site,false,false,false,false,false,false,None
Ohio State University,Computer Science,high_risk,true,official_site,false,false,false,false,true,true,No official required courses listed; Same required courses shared by 28 majors in this school
Ohio State University,Data Science,high_risk,true,official_site,false,false,false,false,true,true,No official required courses listed; Same required courses shared by 28 majors in this school
Ohio State University,Information Technology,high_risk,true,official_site,false,false,false,false,true,true,No official required courses listed; Same required courses shared by 28 majors in this school
Ohio State University,Computer Engineering,high_risk,true,official_site,false,false,false,false,true,true,No official required courses listed; Same required courses shared by 28 majors in this school
Ohio State University,Electrical Engineering,high_risk,true,official_site,false,false,false,false,true,true,No official required courses listed; Same required courses shared by 28 majors in this school
Ohio State University,Mechanical Engineering,verified,true,official_site,false,false,false,false,false,false,None
Ohio State University,Civil Engineering,verified,true,official_site,false,false,false,false,false,false,None
Ohio State University,Chemical Engineering,verified,true,official_site,false,false,false,false,false,false,None
Ohio State University,Biomedical Engineering,verified,true,official_site,false,false,false,false,false,false,None
Ohio State University,Industrial Engineering,high_risk,true,official_site,false,false,false,false,true,true,No official required courses listed; Same required courses shared by 28 majors in this school
Ohio State University,Aerospace Engineering,verified,true,official_site,false,false,false,false,false,false,None
Ohio State University,Business Administration,high_risk,true,official_site,false,false,false,false,true,true,No official required courses listed; Same required courses shared by 28 majors in this school
Ohio State University,Finance,high_risk,true,official_site,false,false,false,false,true,true,No official required courses listed; Same required courses shared by 28 majors in this school
Ohio State University,Accounting,high_risk,true,official_site,false,false,false,false,true,true,No official required courses listed; Same required courses shared by 28 majors in this school
Ohio State University,Marketing,high_risk,true,official_site,false,false,false,false,true,true,No official required courses listed; Same required courses shared by 28 majors in this school
Ohio State University,Management,high_risk,true,official_site,false,false,false,false,true,true,No official required courses listed; Same required courses shared by 28 majors in this school
Ohio State University,Economics,high_risk,true,official_site,false,false,false,false,true,true,No official required courses listed; Same required courses shared by 28 majors in this school
Ohio State University,Psychology,high_risk,true,official_site,false,false,false,false,true,true,No official required courses listed; Same required courses shared by 28 majors in this school
Ohio State University,Political Science,high_risk,true,official_site,false,false,false,false,true,true,No official required courses listed; Same required courses shared by 28 majors in this school
Ohio State University,Sociology,high_risk,true,official_site,false,false,false,false,true,true,No official required courses listed; Same required courses shared by 28 majors in this school
Ohio State University,History,high_risk,true,official_site,false,false,false,false,true,true,No official required courses listed; Same required courses shared by 28 majors in this school
Ohio State University,English,high_risk,true,official_site,false,false,false,false,true,true,No official required courses listed; Same required courses shared by 28 majors in this school
Ohio State University,Communications,high_risk,true,official_site,false,false,false,false,true,true,No official required courses listed; Same required courses shared by 28 majors in this school
Ohio State University,Biology,high_risk,true,official_site,false,false,false,false,true,true,No official required courses listed; Same required courses shared by 28 majors in this school
Ohio State University,Biochemistry,high_risk,true,official_site,false,false,false,false,true,true,No official required courses listed; Same required courses shared by 28 majors in this school
Ohio State University,Chemistry,high_risk,true,official_site,false,false,false,false,true,true,No official required courses listed; Same required courses shared by 28 majors in this school
Ohio State University,Physics,high_risk,true,official_site,false,false,false,false,true,true,No official required courses listed; Same required courses shared by 28 majors in this school
Ohio State University,Mathematics,high_risk,true,official_site,false,false,false,false,true,true,No official required courses listed; Same required courses shared by 28 majors in this school
Ohio State University,Statistics,high_risk,true,official_site,false,false,false,false,true,true,No official required courses listed; Same required courses shared by 28 majors in this school
Ohio State University,Public Health,high_risk,true,official_site,false,false,false,false,true,true,No official required courses listed; Same required courses shared by 28 majors in this school
Ohio State University,Nursing,high_risk,true,official_site,false,false,false,false,true,true,No official required courses listed; Same required courses shared by 28 majors in this school
Ohio State University,International Relations,high_risk,true,official_site,false,false,false,false,true,true,No official required courses listed; Same required courses shared by 28 majors in this school
Ohio State University,Philosophy,high_risk,true,official_site,false,false,false,false,true,true,No official required courses listed; Same required courses shared by 28 majors in this school
Ohio State University,Computer Science & Engineering (Eng.),verified,true,official_site,false,false,false,false,false,false,None
Ohio State University,Computer & Information Science (A&S),verified,true,official_site,false,false,false,false,false,false,None
Ohio State University,Electrical & Computer Engineering,verified,true,official_site,false,false,false,false,false,false,None
Ohio State University,Environmental Engineering,verified,true,official_site,false,false,false,false,false,false,None
Ohio State University,"Food, Ag & Biological Engineering",verified,true,official_site,false,false,false,false,false,false,None
Ohio State University,Industrial & Systems Engineering,verified,true,official_site,false,false,false,false,false,false,None
Ohio State University,Materials Science & Engineering,verified,true,official_site,false,false,false,false,false,false,None
Ohio State University,Welding Engineering,verified,true,official_site,false,false,false,false,false,false,None
Ohio State University,Engineering Physics,verified,true,official_site,false,false,false,false,false,false,None
Ohio State University,Aviation Engineering,verified,true,official_site,false,false,false,false,false,false,None
UIUC,Computer Science,high_risk,true,official_site,false,false,false,false,true,true,No official required courses listed; Same required courses shared by 27 majors in this school
UIUC,Data Science,high_risk,true,official_site,false,false,false,false,true,true,No official required courses listed; Same required courses shared by 27 majors in this school
UIUC,Information Technology,high_risk,true,official_site,false,false,false,false,true,true,No official required courses listed; Same required courses shared by 27 majors in this school
UIUC,Computer Engineering,verified,true,official_site,false,false,false,false,false,false,None
UIUC,Electrical Engineering,verified,true,official_site,false,false,false,false,false,false,None
UIUC,Mechanical Engineering,verified,true,official_site,false,false,false,false,false,false,None
UIUC,Civil Engineering,verified,true,official_site,false,false,false,false,false,false,None
UIUC,Chemical Engineering,high_risk,true,official_site,false,false,false,false,true,true,No official required courses listed; Same required courses shared by 27 majors in this school
UIUC,Biomedical Engineering,high_risk,true,official_site,false,false,false,false,true,true,No official required courses listed; Same required courses shared by 27 majors in this school
UIUC,Industrial Engineering,verified,true,official_site,false,false,false,false,false,false,None
UIUC,Aerospace Engineering,verified,true,official_site,false,false,false,false,false,false,None
UIUC,Business Administration,high_risk,true,official_site,false,false,false,false,true,true,No official required courses listed; Same required courses shared by 27 majors in this school
UIUC,Finance,high_risk,true,official_site,false,false,false,false,true,true,No official required courses listed; Same required courses shared by 27 majors in this school
UIUC,Accounting,high_risk,true,official_site,false,false,false,false,true,true,No official required courses listed; Same required courses shared by 27 majors in this school
UIUC,Marketing,high_risk,true,official_site,false,false,false,false,true,true,No official required courses listed; Same required courses shared by 27 majors in this school
UIUC,Management,high_risk,true,official_site,false,false,false,false,true,true,No official required courses listed; Same required courses shared by 27 majors in this school
UIUC,Economics,high_risk,true,official_site,false,false,false,false,true,true,No official required courses listed; Same required courses shared by 27 majors in this school
UIUC,Psychology,high_risk,true,official_site,false,false,false,false,true,true,No official required courses listed; Same required courses shared by 27 majors in this school
UIUC,Political Science,high_risk,true,official_site,false,false,false,false,true,true,No official required courses listed; Same required courses shared by 27 majors in this school
UIUC,Sociology,high_risk,true,official_site,false,false,false,false,true,true,No official required courses listed; Same required courses shared by 27 majors in this school
UIUC,History,high_risk,true,official_site,false,false,false,false,true,true,No official required courses listed; Same required courses shared by 27 majors in this school
UIUC,English,high_risk,true,official_site,false,false,false,false,true,true,No official required courses listed; Same required courses shared by 27 majors in this school
UIUC,Communications,high_risk,true,official_site,false,false,false,false,true,true,No official required courses listed; Same required courses shared by 27 majors in this school
UIUC,Biology,high_risk,true,official_site,false,false,false,false,true,true,No official required courses listed; Same required courses shared by 27 majors in this school
UIUC,Biochemistry,high_risk,true,official_site,false,false,false,false,true,true,No official required courses listed; Same required courses shared by 27 majors in this school
UIUC,Chemistry,high_risk,true,official_site,false,false,false,false,true,true,No official required courses listed; Same required courses shared by 27 majors in this school
UIUC,Physics,high_risk,true,official_site,false,false,false,false,true,true,No official required courses listed; Same required courses shared by 27 majors in this school
UIUC,Mathematics,high_risk,true,official_site,false,false,false,false,true,true,No official required courses listed; Same required courses shared by 27 majors in this school
UIUC,Statistics,high_risk,true,official_site,false,false,false,false,true,true,No official required courses listed; Same required courses shared by 27 majors in this school
UIUC,Public Health,high_risk,true,official_site,false,false,false,false,true,true,No official required courses listed; Same required courses shared by 27 majors in this school
UIUC,Nursing,high_risk,true,official_site,false,false,false,false,true,true,No official required courses listed; Same required courses shared by 27 majors in this school
UIUC,International Relations,high_risk,true,official_site,false,false,false,false,true,true,No official required courses listed; Same required courses shared by 27 majors in this school
UIUC,Philosophy,high_risk,true,official_site,false,false,false,false,true,true,No official required courses listed; Same required courses shared by 27 majors in this school
UIUC,Agricultural & Biological Engineering,verified,true,official_site,false,false,false,false,false,false,None
UIUC,Bioengineering,verified,true,official_site,false,false,false,false,false,false,None
UIUC,Computer Science (BS),verified,true,official_site,false,false,false,false,false,false,None
UIUC,Engineering Mechanics,verified,true,official_site,false,false,false,false,false,false,None
UIUC,Environmental Engineering,verified,true,official_site,false,false,false,false,false,false,None
UIUC,Materials Science & Engineering,verified,true,official_site,false,false,false,false,false,false,None
UIUC,Neural Engineering,verified,true,official_site,false,false,false,false,false,false,None
UIUC,"Nuclear, Plasma & Radiological Eng. (NPRE)",verified,true,official_site,false,false,false,false,false,false,None
UIUC,NPRE + Data Science (dual degree),verified,true,official_site,false,false,false,false,false,false,None
UIUC,Physics (Engineering Physics),verified,true,official_site,false,false,false,false,false,false,None
UIUC,Systems Engineering & Design,verified,true,official_site,false,false,false,false,false,false,None
UIUC,CS + Bioengineering (dual degree),verified,true,official_site,false,false,false,false,false,false,None
UIUC,CS + Physics (dual degree),verified,true,official_site,false,false,false,false,false,false,None
UIUC,Chemical Engineering (LAS — NOT Grainger),verified,true,official_site,false,false,false,false,false,false,None
NYU Tandon,Computer Science,high_risk,true,official_site,false,false,false,false,true,true,No official required courses listed; Same required courses shared by 33 majors in this school
NYU Tandon,Data Science,high_risk,true,official_site,false,false,false,false,true,true,No official required courses listed; Same required courses shared by 33 majors in this school
NYU Tandon,Information Technology,high_risk,true,official_site,false,false,false,false,true,true,No official required courses listed; Same required courses shared by 33 majors in this school
NYU Tandon,Computer Engineering,high_risk,true,official_site,false,false,false,false,true,true,No official required courses listed; Same required courses shared by 33 majors in this school
NYU Tandon,Electrical Engineering,high_risk,true,official_site,false,false,false,false,true,true,No official required courses listed; Same required courses shared by 33 majors in this school
NYU Tandon,Mechanical Engineering,high_risk,true,official_site,false,false,false,false,true,true,No official required courses listed; Same required courses shared by 33 majors in this school
NYU Tandon,Civil Engineering,high_risk,true,official_site,false,false,false,false,true,true,No official required courses listed; Same required courses shared by 33 majors in this school
NYU Tandon,Chemical Engineering,high_risk,true,official_site,false,false,false,false,true,true,No official required courses listed; Same required courses shared by 33 majors in this school
NYU Tandon,Biomedical Engineering,high_risk,true,official_site,false,false,false,false,true,true,No official required courses listed; Same required courses shared by 33 majors in this school
NYU Tandon,Industrial Engineering,high_risk,true,official_site,false,false,false,false,true,true,No official required courses listed; Same required courses shared by 33 majors in this school
NYU Tandon,Aerospace Engineering,high_risk,true,official_site,false,false,false,false,true,true,No official required courses listed; Same required courses shared by 33 majors in this school
NYU Tandon,Business Administration,high_risk,true,official_site,false,false,false,false,true,true,No official required courses listed; Same required courses shared by 33 majors in this school
NYU Tandon,Finance,high_risk,true,official_site,false,false,false,false,true,true,No official required courses listed; Same required courses shared by 33 majors in this school
NYU Tandon,Accounting,high_risk,true,official_site,false,false,false,false,true,true,No official required courses listed; Same required courses shared by 33 majors in this school
NYU Tandon,Marketing,high_risk,true,official_site,false,false,false,false,true,true,No official required courses listed; Same required courses shared by 33 majors in this school
NYU Tandon,Management,high_risk,true,official_site,false,false,false,false,true,true,No official required courses listed; Same required courses shared by 33 majors in this school
NYU Tandon,Economics,high_risk,true,official_site,false,false,false,false,true,true,No official required courses listed; Same required courses shared by 33 majors in this school
NYU Tandon,Psychology,high_risk,true,official_site,false,false,false,false,true,true,No official required courses listed; Same required courses shared by 33 majors in this school
NYU Tandon,Political Science,high_risk,true,official_site,false,false,false,false,true,true,No official required courses listed; Same required courses shared by 33 majors in this school
NYU Tandon,Sociology,high_risk,true,official_site,false,false,false,false,true,true,No official required courses listed; Same required courses shared by 33 majors in this school
NYU Tandon,History,high_risk,true,official_site,false,false,false,false,true,true,No official required courses listed; Same required courses shared by 33 majors in this school
NYU Tandon,English,high_risk,true,official_site,false,false,false,false,true,true,No official required courses listed; Same required courses shared by 33 majors in this school
NYU Tandon,Communications,high_risk,true,official_site,false,false,false,false,true,true,No official required courses listed; Same required courses shared by 33 majors in this school
NYU Tandon,Biology,high_risk,true,official_site,false,false,false,false,true,true,No official required courses listed; Same required courses shared by 33 majors in this school
NYU Tandon,Biochemistry,high_risk,true,official_site,false,false,false,false,true,true,No official required courses listed; Same required courses shared by 33 majors in this school
NYU Tandon,Chemistry,high_risk,true,official_site,false,false,false,false,true,true,No official required courses listed; Same required courses shared by 33 majors in this school
NYU Tandon,Physics,high_risk,true,official_site,false,false,false,false,true,true,No official required courses listed; Same required courses shared by 33 majors in this school
NYU Tandon,Mathematics,high_risk,true,official_site,false,false,false,false,true,true,No official required courses listed; Same required courses shared by 33 majors in this school
NYU Tandon,Statistics,high_risk,true,official_site,false,false,false,false,true,true,No official required courses listed; Same required courses shared by 33 majors in this school
NYU Tandon,Public Health,high_risk,true,official_site,false,false,false,false,true,true,No official required courses listed; Same required courses shared by 33 majors in this school
NYU Tandon,Nursing,high_risk,true,official_site,false,false,false,false,true,true,No official required courses listed; Same required courses shared by 33 majors in this school
NYU Tandon,International Relations,high_risk,true,official_site,false,false,false,false,true,true,No official required courses listed; Same required courses shared by 33 majors in this school
NYU Tandon,Philosophy,high_risk,true,official_site,false,false,false,false,true,true,No official required courses listed; Same required courses shared by 33 majors in this school
NYU Tandon,"Applied Physics, B.S.",verified,true,official_site,false,false,false,false,false,false,None
NYU Tandon,"Biomolecular Science, B.S.",verified,true,official_site,false,false,false,false,false,false,None
NYU Tandon,"Business & Technology Management, B.S.",verified,true,official_site,false,false,false,false,false,false,None
NYU Tandon,"Chemical & Biomolecular Engineering, B.S.",verified,true,official_site,false,false,false,false,false,false,None
NYU Tandon,"Civil Engineering, B.S.",verified,true,official_site,false,false,false,false,false,false,None
NYU Tandon,"Computer Engineering, B.S.",verified,true,official_site,false,false,false,false,false,false,None
NYU Tandon,"Computer Science, B.S.",verified,true,official_site,false,false,false,false,false,false,None
NYU Tandon,"Electrical Engineering, B.S.",verified,true,official_site,false,false,false,false,false,false,None
NYU Tandon,"Electrical & Computer Engineering, B.S.",verified,true,official_site,false,false,false,false,false,false,None
NYU Tandon,"Environmental Engineering, B.S.",verified,true,official_site,false,false,false,false,false,false,None
NYU Tandon,"Integrated Design & Media, B.S.",verified,true,official_site,false,false,false,false,false,false,None
NYU Tandon,"Mathematics, B.S.",verified,true,official_site,false,false,false,false,false,false,None
NYU Tandon,"Mathematics & Physics, B.S.",verified,true,official_site,false,false,false,false,false,false,None
NYU Tandon,"Mechanical Engineering, B.S.",verified,true,official_site,false,false,false,false,false,false,None
Texas A&M,Computer Science,high_risk,true,official_site,false,false,false,false,true,true,No official required courses listed; Same required courses shared by 26 majors in this school
Texas A&M,Data Science,high_risk,true,official_site,false,false,false,false,true,true,No official required courses listed; Same required courses shared by 26 majors in this school
Texas A&M,Information Technology,high_risk,true,official_site,false,false,false,false,true,true,No official required courses listed; Same required courses shared by 26 majors in this school
Texas A&M,Computer Engineering,verified,true,official_site,false,false,false,false,false,false,None
Texas A&M,Electrical Engineering,verified,true,official_site,false,false,false,false,false,false,None
Texas A&M,Mechanical Engineering,high_risk,true,official_site,false,false,false,false,true,true,No official required courses listed; Same required courses shared by 26 majors in this school
Texas A&M,Civil Engineering,verified,true,official_site,false,false,false,false,false,false,None
Texas A&M,Chemical Engineering,verified,true,official_site,false,false,false,false,false,false,None
Texas A&M,Biomedical Engineering,verified,true,official_site,false,false,false,false,false,false,None
Texas A&M,Industrial Engineering,verified,true,official_site,false,false,false,false,false,false,None
Texas A&M,Aerospace Engineering,verified,true,official_site,false,false,false,false,false,false,None
Texas A&M,Business Administration,high_risk,true,official_site,false,false,false,false,true,true,No official required courses listed; Same required courses shared by 26 majors in this school
Texas A&M,Finance,high_risk,true,official_site,false,false,false,false,true,true,No official required courses listed; Same required courses shared by 26 majors in this school
Texas A&M,Accounting,high_risk,true,official_site,false,false,false,false,true,true,No official required courses listed; Same required courses shared by 26 majors in this school
Texas A&M,Marketing,high_risk,true,official_site,false,false,false,false,true,true,No official required courses listed; Same required courses shared by 26 majors in this school
Texas A&M,Management,high_risk,true,official_site,false,false,false,false,true,true,No official required courses listed; Same required courses shared by 26 majors in this school
Texas A&M,Economics,high_risk,true,official_site,false,false,false,false,true,true,No official required courses listed; Same required courses shared by 26 majors in this school
Texas A&M,Psychology,high_risk,true,official_site,false,false,false,false,true,true,No official required courses listed; Same required courses shared by 26 majors in this school
Texas A&M,Political Science,high_risk,true,official_site,false,false,false,false,true,true,No official required courses listed; Same required courses shared by 26 majors in this school
Texas A&M,Sociology,high_risk,true,official_site,false,false,false,false,true,true,No official required courses listed; Same required courses shared by 26 majors in this school
Texas A&M,History,high_risk,true,official_site,false,false,false,false,true,true,No official required courses listed; Same required courses shared by 26 majors in this school
Texas A&M,English,high_risk,true,official_site,false,false,false,false,true,true,No official required courses listed; Same required courses shared by 26 majors in this school
Texas A&M,Communications,high_risk,true,official_site,false,false,false,false,true,true,No official required courses listed; Same required courses shared by 26 majors in this school
Texas A&M,Biology,high_risk,true,official_site,false,false,false,false,true,true,No official required courses listed; Same required courses shared by 26 majors in this school
Texas A&M,Biochemistry,high_risk,true,official_site,false,false,false,false,true,true,No official required courses listed; Same required courses shared by 26 majors in this school
Texas A&M,Chemistry,high_risk,true,official_site,false,false,false,false,true,true,No official required courses listed; Same required courses shared by 26 majors in this school
Texas A&M,Physics,high_risk,true,official_site,false,false,false,false,true,true,No official required courses listed; Same required courses shared by 26 majors in this school
Texas A&M,Mathematics,high_risk,true,official_site,false,false,false,false,true,true,No official required courses listed; Same required courses shared by 26 majors in this school
Texas A&M,Statistics,high_risk,true,official_site,false,false,false,false,true,true,No official required courses listed; Same required courses shared by 26 majors in this school
Texas A&M,Public Health,high_risk,true,official_site,false,false,false,false,true,true,No official required courses listed; Same required courses shared by 26 majors in this school
Texas A&M,Nursing,high_risk,true,official_site,false,false,false,false,true,true,No official required courses listed; Same required courses shared by 26 majors in this school
Texas A&M,International Relations,high_risk,true,official_site,false,false,false,false,true,true,No official required courses listed; Same required courses shared by 26 majors in this school
Texas A&M,Philosophy,high_risk,true,official_site,false,false,false,false,true,true,No official required courses listed; Same required courses shared by 26 majors in this school
Texas A&M,Architectural Engineering,verified,true,official_site,false,false,false,false,false,false,None
Texas A&M,Computer Science (BS),verified,true,official_site,false,false,false,false,false,false,None
Texas A&M,Computer Science (BA),verified,true,official_site,false,false,false,false,false,false,None
Texas A&M,Environmental Engineering,verified,true,official_site,false,false,false,false,false,false,None
Texas A&M,Interdisciplinary Engineering,verified,true,official_site,false,false,false,false,false,false,None
Texas A&M,Manufacturing & Mechanical Engineering Technology (MMET),verified,true,official_site,false,false,false,false,false,false,None
Texas A&M,Materials Science & Engineering,verified,true,official_site,false,false,false,false,false,false,None
Texas A&M,Nuclear Engineering,verified,true,official_site,false,false,false,false,false,false,None
Texas A&M,Petroleum Engineering,verified,true,official_site,false,false,false,false,false,false,None
UC San Diego,Computer Science,high_risk,true,official_site,false,false,false,false,true,true,No official required courses listed; Same required courses shared by 33 majors in this school
UC San Diego,Data Science,high_risk,true,official_site,false,false,false,false,true,true,No official required courses listed; Same required courses shared by 33 majors in this school
UC San Diego,Information Technology,high_risk,true,official_site,false,false,false,false,true,true,No official required courses listed; Same required courses shared by 33 majors in this school
UC San Diego,Computer Engineering,high_risk,true,official_site,false,false,false,false,true,true,No official required courses listed; Same required courses shared by 33 majors in this school
UC San Diego,Electrical Engineering,high_risk,true,official_site,false,false,false,false,true,true,No official required courses listed; Same required courses shared by 33 majors in this school
UC San Diego,Mechanical Engineering,high_risk,true,official_site,false,false,false,false,true,true,No official required courses listed; Same required courses shared by 33 majors in this school
UC San Diego,Civil Engineering,high_risk,true,official_site,false,false,false,false,true,true,No official required courses listed; Same required courses shared by 33 majors in this school
UC San Diego,Chemical Engineering,high_risk,true,official_site,false,false,false,false,true,true,No official required courses listed; Same required courses shared by 33 majors in this school
UC San Diego,Biomedical Engineering,high_risk,true,official_site,false,false,false,false,true,true,No official required courses listed; Same required courses shared by 33 majors in this school
UC San Diego,Industrial Engineering,high_risk,true,official_site,false,false,false,false,true,true,No official required courses listed; Same required courses shared by 33 majors in this school
UC San Diego,Aerospace Engineering,high_risk,true,official_site,false,false,false,false,true,true,No official required courses listed; Same required courses shared by 33 majors in this school
UC San Diego,Business Administration,high_risk,true,official_site,false,false,false,false,true,true,No official required courses listed; Same required courses shared by 33 majors in this school
UC San Diego,Finance,high_risk,true,official_site,false,false,false,false,true,true,No official required courses listed; Same required courses shared by 33 majors in this school
UC San Diego,Accounting,high_risk,true,official_site,false,false,false,false,true,true,No official required courses listed; Same required courses shared by 33 majors in this school
UC San Diego,Marketing,high_risk,true,official_site,false,false,false,false,true,true,No official required courses listed; Same required courses shared by 33 majors in this school
UC San Diego,Management,high_risk,true,official_site,false,false,false,false,true,true,No official required courses listed; Same required courses shared by 33 majors in this school
UC San Diego,Economics,high_risk,true,official_site,false,false,false,false,true,true,No official required courses listed; Same required courses shared by 33 majors in this school
UC San Diego,Psychology,high_risk,true,official_site,false,false,false,false,true,true,No official required courses listed; Same required courses shared by 33 majors in this school
UC San Diego,Political Science,high_risk,true,official_site,false,false,false,false,true,true,No official required courses listed; Same required courses shared by 33 majors in this school
UC San Diego,Sociology,high_risk,true,official_site,false,false,false,false,true,true,No official required courses listed; Same required courses shared by 33 majors in this school
UC San Diego,History,high_risk,true,official_site,false,false,false,false,true,true,No official required courses listed; Same required courses shared by 33 majors in this school
UC San Diego,English,high_risk,true,official_site,false,false,false,false,true,true,No official required courses listed; Same required courses shared by 33 majors in this school
UC San Diego,Communications,high_risk,true,official_site,false,false,false,false,true,true,No official required courses listed; Same required courses shared by 33 majors in this school
UC San Diego,Biology,high_risk,true,official_site,false,false,false,false,true,true,No official required courses listed; Same required courses shared by 33 majors in this school
UC San Diego,Biochemistry,high_risk,true,official_site,false,false,false,false,true,true,No official required courses listed; Same required courses shared by 33 majors in this school
UC San Diego,Chemistry,high_risk,true,official_site,false,false,false,false,true,true,No official required courses listed; Same required courses shared by 33 majors in this school
UC San Diego,Physics,high_risk,true,official_site,false,false,false,false,true,true,No official required courses listed; Same required courses shared by 33 majors in this school
UC San Diego,Mathematics,high_risk,true,official_site,false,false,false,false,true,true,No official required courses listed; Same required courses shared by 33 majors in this school
UC San Diego,Statistics,high_risk,true,official_site,false,false,false,false,true,true,No official required courses listed; Same required courses shared by 33 majors in this school
UC San Diego,Public Health,high_risk,true,official_site,false,false,false,false,true,true,No official required courses listed; Same required courses shared by 33 majors in this school
UC San Diego,Nursing,high_risk,true,official_site,false,false,false,false,true,true,No official required courses listed; Same required courses shared by 33 majors in this school
UC San Diego,International Relations,high_risk,true,official_site,false,false,false,false,true,true,No official required courses listed; Same required courses shared by 33 majors in this school
UC San Diego,Philosophy,high_risk,true,official_site,false,false,false,false,true,true,No official required courses listed; Same required courses shared by 33 majors in this school
UC San Diego,Bioengineering — Bioengineering,verified,true,official_site,false,false,false,false,false,false,None
UC San Diego,Bioengineering — Bioinformatics,verified,true,official_site,false,false,false,false,false,false,None
UC San Diego,Bioengineering — BioSystems,verified,true,official_site,false,false,false,false,false,false,None
UC San Diego,Bioengineering — Biotechnology,verified,true,official_site,false,false,false,false,false,false,None
UC San Diego,Chemical & NanoEngineering — Chemical Engineering,verified,true,official_site,false,false,false,false,false,false,None
UC San Diego,Chemical & NanoEngineering — NanoEngineering,verified,true,official_site,false,false,false,false,false,false,None
UC San Diego,Computer Science & Engineering — Computer Engineering (CSE dept),verified,true,official_site,false,false,false,false,false,false,None
UC San Diego,Computer Science & Engineering — Computer Science,verified,true,official_site,false,false,false,false,false,false,None
UC San Diego,Computer Science & Engineering — CS Bioinformatics,verified,true,official_site,false,false,false,false,false,false,None
UC San Diego,Computer Science & Engineering — Artificial Intelligence,verified,true,official_site,false,false,false,false,false,false,None
UC San Diego,Electrical & Computer Engineering — Computer Engineering (ECE dept),verified,true,official_site,false,false,false,false,false,false,None
UC San Diego,Electrical & Computer Engineering — Electrical Engineering,verified,true,official_site,false,false,false,false,false,false,None
UC San Diego,Electrical & Computer Engineering — EE & Society,verified,true,official_site,false,false,false,false,false,false,None
UC San Diego,Electrical & Computer Engineering — Engineering Physics,verified,true,official_site,false,false,false,false,false,false,None
UC San Diego,Mechanical & Aerospace Engineering — Aerospace Engineering,verified,true,official_site,false,false,false,false,false,false,None
UC San Diego,Mechanical & Aerospace Engineering — Mechanical Engineering,verified,true,official_site,false,false,false,false,false,false,None
UC San Diego,Structural Engineering — Structural Engineering,verified,true,official_site,false,false,false,false,false,false,None
UC San Diego,Physics (Jacobs School) — Physics,verified,true,official_site,false,false,false,false,false,false,None
UC System,Computer Science,high_risk,true,official_site,false,false,false,false,true,true,No official required courses listed; Same required courses shared by 33 majors in this school
UC System,Data Science,high_risk,true,official_site,false,false,false,false,true,true,No official required courses listed; Same required courses shared by 33 majors in this school
UC System,Information Technology,high_risk,true,official_site,false,false,false,false,true,true,No official required courses listed; Same required courses shared by 33 majors in this school
UC System,Computer Engineering,high_risk,true,official_site,false,false,false,false,true,true,No official required courses listed; Same required courses shared by 33 majors in this school
UC System,Electrical Engineering,high_risk,true,official_site,false,false,false,false,true,true,No official required courses listed; Same required courses shared by 33 majors in this school
UC System,Mechanical Engineering,high_risk,true,official_site,false,false,false,false,true,true,No official required courses listed; Same required courses shared by 33 majors in this school
UC System,Civil Engineering,high_risk,true,official_site,false,false,false,false,true,true,No official required courses listed; Same required courses shared by 33 majors in this school
UC System,Chemical Engineering,high_risk,true,official_site,false,false,false,false,true,true,No official required courses listed; Same required courses shared by 33 majors in this school
UC System,Biomedical Engineering,high_risk,true,official_site,false,false,false,false,true,true,No official required courses listed; Same required courses shared by 33 majors in this school
UC System,Industrial Engineering,high_risk,true,official_site,false,false,false,false,true,true,No official required courses listed; Same required courses shared by 33 majors in this school
UC System,Aerospace Engineering,high_risk,true,official_site,false,false,false,false,true,true,No official required courses listed; Same required courses shared by 33 majors in this school
UC System,Business Administration,high_risk,true,official_site,false,false,false,false,true,true,No official required courses listed; Same required courses shared by 33 majors in this school
UC System,Finance,high_risk,true,official_site,false,false,false,false,true,true,No official required courses listed; Same required courses shared by 33 majors in this school
UC System,Accounting,high_risk,true,official_site,false,false,false,false,true,true,No official required courses listed; Same required courses shared by 33 majors in this school
UC System,Marketing,high_risk,true,official_site,false,false,false,false,true,true,No official required courses listed; Same required courses shared by 33 majors in this school
UC System,Management,high_risk,true,official_site,false,false,false,false,true,true,No official required courses listed; Same required courses shared by 33 majors in this school
UC System,Economics,high_risk,true,official_site,false,false,false,false,true,true,No official required courses listed; Same required courses shared by 33 majors in this school
UC System,Psychology,high_risk,true,official_site,false,false,false,false,true,true,No official required courses listed; Same required courses shared by 33 majors in this school
UC System,Political Science,high_risk,true,official_site,false,false,false,false,true,true,No official required courses listed; Same required courses shared by 33 majors in this school
UC System,Sociology,high_risk,true,official_site,false,false,false,false,true,true,No official required courses listed; Same required courses shared by 33 majors in this school
UC System,History,high_risk,true,official_site,false,false,false,false,true,true,No official required courses listed; Same required courses shared by 33 majors in this school
UC System,English,high_risk,true,official_site,false,false,false,false,true,true,No official required courses listed; Same required courses shared by 33 majors in this school
UC System,Communications,high_risk,true,official_site,false,false,false,false,true,true,No official required courses listed; Same required courses shared by 33 majors in this school
UC System,Biology,high_risk,true,official_site,false,false,false,false,true,true,No official required courses listed; Same required courses shared by 33 majors in this school
UC System,Biochemistry,high_risk,true,official_site,false,false,false,false,true,true,No official required courses listed; Same required courses shared by 33 majors in this school
UC System,Chemistry,high_risk,true,official_site,false,false,false,false,true,true,No official required courses listed; Same required courses shared by 33 majors in this school
UC System,Physics,high_risk,true,official_site,false,false,false,false,true,true,No official required courses listed; Same required courses shared by 33 majors in this school
UC System,Mathematics,high_risk,true,official_site,false,false,false,false,true,true,No official required courses listed; Same required courses shared by 33 majors in this school
UC System,Statistics,high_risk,true,official_site,false,false,false,false,true,true,No official required courses listed; Same required courses shared by 33 majors in this school
UC System,Public Health,high_risk,true,official_site,false,false,false,false,true,true,No official required courses listed; Same required courses shared by 33 majors in this school
UC System,Nursing,high_risk,true,official_site,false,false,false,false,true,true,No official required courses listed; Same required courses shared by 33 majors in this school
UC System,International Relations,high_risk,true,official_site,false,false,false,false,true,true,No official required courses listed; Same required courses shared by 33 majors in this school
UC System,Philosophy,high_risk,true,official_site,false,false,false,false,true,true,No official required courses listed; Same required courses shared by 33 majors in this school
UC System,UC Berkeley — College of Engineering,verified,true,official_site,false,false,false,false,false,false,None
UC System,UCLA — Henry Samueli School of Engineering (HSSEAS),verified,true,official_site,false,false,false,false,false,false,None
UC System,UC Davis — College of Engineering,verified,true,official_site,false,false,false,false,false,false,None
UC System,UC Santa Barbara — Robert Mehrabian College of Engineering,verified,true,official_site,false,false,false,false,false,false,None
UC System,UC Irvine — Henry Samueli School of Engineering,verified,true,official_site,false,false,false,false,false,false,None
UC System,UC Santa Cruz — Jack Baskin School of Engineering,verified,true,official_site,false,false,false,false,false,false,None
UC System,UC Riverside — BCOE,verified,true,assist,false,false,false,false,false,false,None
UC System,UC Merced — School of Engineering,verified,true,official_site,false,false,false,false,false,false,None
UC Irvine,Computer Science,high_risk,true,official_site,false,false,false,false,true,true,No official required courses listed; Same required courses shared by 26 majors in this school
UC Irvine,Data Science,high_risk,true,official_site,false,false,false,false,true,true,No official required courses listed; Same required courses shared by 26 majors in this school
UC Irvine,Information Technology,high_risk,true,official_site,false,false,false,false,true,true,No official required courses listed; Same required courses shared by 26 majors in this school
UC Irvine,Computer Engineering,verified,true,official_site,false,false,false,false,false,false,None
UC Irvine,Electrical Engineering,verified,true,official_site,false,false,false,false,false,false,None
UC Irvine,Mechanical Engineering,verified,true,official_site,false,false,false,false,false,false,None
UC Irvine,Civil Engineering,verified,true,official_site,false,false,false,false,false,false,None
UC Irvine,Chemical Engineering,verified,true,official_site,false,false,false,false,false,false,None
UC Irvine,Biomedical Engineering,verified,true,official_site,false,false,false,false,false,false,None
UC Irvine,Industrial Engineering,high_risk,true,official_site,false,false,false,false,true,true,No official required courses listed; Same required courses shared by 26 majors in this school
UC Irvine,Aerospace Engineering,verified,true,official_site,false,false,false,false,false,false,None
UC Irvine,Business Administration,high_risk,true,official_site,false,false,false,false,true,true,No official required courses listed; Same required courses shared by 26 majors in this school
UC Irvine,Finance,high_risk,true,official_site,false,false,false,false,true,true,No official required courses listed; Same required courses shared by 26 majors in this school
UC Irvine,Accounting,high_risk,true,official_site,false,false,false,false,true,true,No official required courses listed; Same required courses shared by 26 majors in this school
UC Irvine,Marketing,high_risk,true,official_site,false,false,false,false,true,true,No official required courses listed; Same required courses shared by 26 majors in this school
UC Irvine,Management,high_risk,true,official_site,false,false,false,false,true,true,No official required courses listed; Same required courses shared by 26 majors in this school
UC Irvine,Economics,high_risk,true,official_site,false,false,false,false,true,true,No official required courses listed; Same required courses shared by 26 majors in this school
UC Irvine,Psychology,high_risk,true,official_site,false,false,false,false,true,true,No official required courses listed; Same required courses shared by 26 majors in this school
UC Irvine,Political Science,high_risk,true,official_site,false,false,false,false,true,true,No official required courses listed; Same required courses shared by 26 majors in this school
UC Irvine,Sociology,high_risk,true,official_site,false,false,false,false,true,true,No official required courses listed; Same required courses shared by 26 majors in this school
UC Irvine,History,high_risk,true,official_site,false,false,false,false,true,true,No official required courses listed; Same required courses shared by 26 majors in this school
UC Irvine,English,high_risk,true,official_site,false,false,false,false,true,true,No official required courses listed; Same required courses shared by 26 majors in this school
UC Irvine,Communications,high_risk,true,official_site,false,false,false,false,true,true,No official required courses listed; Same required courses shared by 26 majors in this school
UC Irvine,Biology,high_risk,true,official_site,false,false,false,false,true,true,No official required courses listed; Same required courses shared by 26 majors in this school
UC Irvine,Biochemistry,high_risk,true,official_site,false,false,false,false,true,true,No official required courses listed; Same required courses shared by 26 majors in this school
UC Irvine,Chemistry,high_risk,true,official_site,false,false,false,false,true,true,No official required courses listed; Same required courses shared by 26 majors in this school
UC Irvine,Physics,high_risk,true,official_site,false,false,false,false,true,true,No official required courses listed; Same required courses shared by 26 majors in this school
UC Irvine,Mathematics,high_risk,true,official_site,false,false,false,false,true,true,No official required courses listed; Same required courses shared by 26 majors in this school
UC Irvine,Statistics,high_risk,true,official_site,false,false,false,false,true,true,No official required courses listed; Same required courses shared by 26 majors in this school
UC Irvine,Public Health,high_risk,true,official_site,false,false,false,false,true,true,No official required courses listed; Same required courses shared by 26 majors in this school
UC Irvine,Nursing,high_risk,true,official_site,false,false,false,false,true,true,No official required courses listed; Same required courses shared by 26 majors in this school
UC Irvine,International Relations,high_risk,true,official_site,false,false,false,false,true,true,No official required courses listed; Same required courses shared by 26 majors in this school
UC Irvine,Philosophy,high_risk,true,official_site,false,false,false,false,true,true,No official required courses listed; Same required courses shared by 26 majors in this school
UC Irvine,Biomedical Engineering: Premedical,verified,true,official_site,false,false,false,false,false,false,None
UC Irvine,Computer Science & Engineering,verified,true,official_site,false,false,false,false,false,false,None
UC Irvine,Environmental Engineering,verified,true,official_site,false,false,false,false,false,false,None
UC Irvine,Materials Science & Engineering,verified,true,official_site,false,false,false,false,false,false,None
Cornell (Duffield),Computer Science,high_risk,true,official_site,false,false,false,false,true,true,No official required courses listed; Same required courses shared by 29 majors in this school
Cornell (Duffield),Data Science,high_risk,true,official_site,false,false,false,false,true,true,No official required courses listed; Same required courses shared by 29 majors in this school
Cornell (Duffield),Information Technology,high_risk,true,official_site,false,false,false,false,true,true,No official required courses listed; Same required courses shared by 29 majors in this school
Cornell (Duffield),Computer Engineering,high_risk,true,official_site,false,false,false,false,true,true,No official required courses listed; Same required courses shared by 29 majors in this school
Cornell (Duffield),Electrical Engineering,high_risk,true,official_site,false,false,false,false,true,true,No official required courses listed; Same required courses shared by 29 majors in this school
Cornell (Duffield),Mechanical Engineering,verified,true,official_site,false,false,false,false,false,false,None
Cornell (Duffield),Civil Engineering,verified,true,official_site,false,false,false,false,false,false,None
Cornell (Duffield),Chemical Engineering,verified,true,official_site,false,false,false,false,false,false,None
Cornell (Duffield),Biomedical Engineering,verified,true,official_site,false,false,false,false,false,false,None
Cornell (Duffield),Industrial Engineering,high_risk,true,official_site,false,false,false,false,true,true,No official required courses listed; Same required courses shared by 29 majors in this school
Cornell (Duffield),Aerospace Engineering,high_risk,true,official_site,false,false,false,false,true,true,No official required courses listed; Same required courses shared by 29 majors in this school
Cornell (Duffield),Business Administration,high_risk,true,official_site,false,false,false,false,true,true,No official required courses listed; Same required courses shared by 29 majors in this school
Cornell (Duffield),Finance,high_risk,true,official_site,false,false,false,false,true,true,No official required courses listed; Same required courses shared by 29 majors in this school
Cornell (Duffield),Accounting,high_risk,true,official_site,false,false,false,false,true,true,No official required courses listed; Same required courses shared by 29 majors in this school
Cornell (Duffield),Marketing,high_risk,true,official_site,false,false,false,false,true,true,No official required courses listed; Same required courses shared by 29 majors in this school
Cornell (Duffield),Management,high_risk,true,official_site,false,false,false,false,true,true,No official required courses listed; Same required courses shared by 29 majors in this school
Cornell (Duffield),Economics,high_risk,true,official_site,false,false,false,false,true,true,No official required courses listed; Same required courses shared by 29 majors in this school
Cornell (Duffield),Psychology,high_risk,true,official_site,false,false,false,false,true,true,No official required courses listed; Same required courses shared by 29 majors in this school
Cornell (Duffield),Political Science,high_risk,true,official_site,false,false,false,false,true,true,No official required courses listed; Same required courses shared by 29 majors in this school
Cornell (Duffield),Sociology,high_risk,true,official_site,false,false,false,false,true,true,No official required courses listed; Same required courses shared by 29 majors in this school
Cornell (Duffield),History,high_risk,true,official_site,false,false,false,false,true,true,No official required courses listed; Same required courses shared by 29 majors in this school
Cornell (Duffield),English,high_risk,true,official_site,false,false,false,false,true,true,No official required courses listed; Same required courses shared by 29 majors in this school
Cornell (Duffield),Communications,high_risk,true,official_site,false,false,false,false,true,true,No official required courses listed; Same required courses shared by 29 majors in this school
Cornell (Duffield),Biology,high_risk,true,official_site,false,false,false,false,true,true,No official required courses listed; Same required courses shared by 29 majors in this school
Cornell (Duffield),Biochemistry,high_risk,true,official_site,false,false,false,false,true,true,No official required courses listed; Same required courses shared by 29 majors in this school
Cornell (Duffield),Chemistry,high_risk,true,official_site,false,false,false,false,true,true,No official required courses listed; Same required courses shared by 29 majors in this school
Cornell (Duffield),Physics,high_risk,true,official_site,false,false,false,false,true,true,No official required courses listed; Same required courses shared by 29 majors in this school
Cornell (Duffield),Mathematics,high_risk,true,official_site,false,false,false,false,true,true,No official required courses listed; Same required courses shared by 29 majors in this school
Cornell (Duffield),Statistics,high_risk,true,official_site,false,false,false,false,true,true,No official required courses listed; Same required courses shared by 29 majors in this school
Cornell (Duffield),Public Health,high_risk,true,official_site,false,false,false,false,true,true,No official required courses listed; Same required courses shared by 29 majors in this school
Cornell (Duffield),Nursing,high_risk,true,official_site,false,false,false,false,true,true,No official required courses listed; Same required courses shared by 29 majors in this school
Cornell (Duffield),International Relations,high_risk,true,official_site,false,false,false,false,true,true,No official required courses listed; Same required courses shared by 29 majors in this school
Cornell (Duffield),Philosophy,high_risk,true,official_site,false,false,false,false,true,true,No official required courses listed; Same required courses shared by 29 majors in this school
Cornell (Duffield),Biological Engineering,verified,true,official_site,false,false,false,false,false,false,None
Cornell (Duffield),Earth and Atmospheric Sciences,verified,true,official_site,false,false,false,false,false,false,None
Cornell (Duffield),Electrical & Computer Engineering,verified,true,official_site,false,false,false,false,false,false,None
Cornell (Duffield),Engineering Physics,verified,true,official_site,false,false,false,false,false,false,None
Cornell (Duffield),Environmental Engineering,verified,true,official_site,false,false,false,false,false,false,None
Cornell (Duffield),Materials Science & Engineering,verified,true,official_site,false,false,false,false,false,false,None
Cornell (Duffield),Operations Research & Engineering,verified,true,official_site,false,false,false,false,false,false,None
UW-Madison,Computer Science,high_risk,true,official_site,false,false,false,false,true,true,No official required courses listed; Same required courses shared by 26 majors in this school
UW-Madison,Data Science,high_risk,true,official_site,false,false,false,false,true,true,No official required courses listed; Same required courses shared by 26 majors in this school
UW-Madison,Information Technology,high_risk,true,official_site,false,false,false,false,true,true,No official required courses listed; Same required courses shared by 26 majors in this school
UW-Madison,Computer Engineering,verified,true,official_site,false,false,false,false,false,false,None
UW-Madison,Electrical Engineering,verified,true,official_site,false,false,false,false,false,false,None
UW-Madison,Mechanical Engineering,verified,true,official_site,false,false,false,false,false,false,None
UW-Madison,Civil Engineering,verified,true,official_site,false,false,false,false,false,false,None
UW-Madison,Chemical Engineering,verified,true,official_site,false,false,false,false,false,false,None
UW-Madison,Biomedical Engineering,verified,true,official_site,false,false,false,false,false,false,None
UW-Madison,Industrial Engineering,verified,true,official_site,false,false,false,false,false,false,None
UW-Madison,Aerospace Engineering,high_risk,true,official_site,false,false,false,false,true,true,No official required courses listed; Same required courses shared by 26 majors in this school
UW-Madison,Business Administration,high_risk,true,official_site,false,false,false,false,true,true,No official required courses listed; Same required courses shared by 26 majors in this school
UW-Madison,Finance,high_risk,true,official_site,false,false,false,false,true,true,No official required courses listed; Same required courses shared by 26 majors in this school
UW-Madison,Accounting,high_risk,true,official_site,false,false,false,false,true,true,No official required courses listed; Same required courses shared by 26 majors in this school
UW-Madison,Marketing,high_risk,true,official_site,false,false,false,false,true,true,No official required courses listed; Same required courses shared by 26 majors in this school
UW-Madison,Management,high_risk,true,official_site,false,false,false,false,true,true,No official required courses listed; Same required courses shared by 26 majors in this school
UW-Madison,Economics,high_risk,true,official_site,false,false,false,false,true,true,No official required courses listed; Same required courses shared by 26 majors in this school
UW-Madison,Psychology,high_risk,true,official_site,false,false,false,false,true,true,No official required courses listed; Same required courses shared by 26 majors in this school
UW-Madison,Political Science,high_risk,true,official_site,false,false,false,false,true,true,No official required courses listed; Same required courses shared by 26 majors in this school
UW-Madison,Sociology,high_risk,true,official_site,false,false,false,false,true,true,No official required courses listed; Same required courses shared by 26 majors in this school
UW-Madison,History,high_risk,true,official_site,false,false,false,false,true,true,No official required courses listed; Same required courses shared by 26 majors in this school
UW-Madison,English,high_risk,true,official_site,false,false,false,false,true,true,No official required courses listed; Same required courses shared by 26 majors in this school
UW-Madison,Communications,high_risk,true,official_site,false,false,false,false,true,true,No official required courses listed; Same required courses shared by 26 majors in this school
UW-Madison,Biology,high_risk,true,official_site,false,false,false,false,true,true,No official required courses listed; Same required courses shared by 26 majors in this school
UW-Madison,Biochemistry,high_risk,true,official_site,false,false,false,false,true,true,No official required courses listed; Same required courses shared by 26 majors in this school
UW-Madison,Chemistry,high_risk,true,official_site,false,false,false,false,true,true,No official required courses listed; Same required courses shared by 26 majors in this school
UW-Madison,Physics,high_risk,true,official_site,false,false,false,false,true,true,No official required courses listed; Same required courses shared by 26 majors in this school
UW-Madison,Mathematics,high_risk,true,official_site,false,false,false,false,true,true,No official required courses listed; Same required courses shared by 26 majors in this school
UW-Madison,Statistics,high_risk,true,official_site,false,false,false,false,true,true,No official required courses listed; Same required courses shared by 26 majors in this school
UW-Madison,Public Health,high_risk,true,official_site,false,false,false,false,true,true,No official required courses listed; Same required courses shared by 26 majors in this school
UW-Madison,Nursing,high_risk,true,official_site,false,false,false,false,true,true,No official required courses listed; Same required courses shared by 26 majors in this school
UW-Madison,International Relations,high_risk,true,official_site,false,false,false,false,true,true,No official required courses listed; Same required courses shared by 26 majors in this school
UW-Madison,Philosophy,high_risk,true,official_site,false,false,false,false,true,true,No official required courses listed; Same required courses shared by 26 majors in this school
UW-Madison,Engineering Mechanics (+ Aerospace Engineering Option),verified,true,official_site,false,false,false,false,false,false,None
UW-Madison,Engineering Physics,verified,true,official_site,false,false,false,false,false,false,None
UW-Madison,Environmental Engineering,verified,true,official_site,false,false,false,false,false,false,None
UW-Madison,Geological Engineering,verified,true,official_site,false,false,false,false,false,false,None
UW-Madison,Materials Science and Engineering,verified,true,official_site,false,false,false,false,false,false,None
UW-Madison,Nuclear Engineering,verified,true,official_site,false,false,false,false,false,false,None
UT Austin (Cockrell),Computer Science,high_risk,true,official_site,false,false,false,false,true,true,No official required courses listed; Same required courses shared by 12 majors in this school
UT Austin (Cockrell),Computer Engineering,high_risk,true,official_site,false,false,false,false,true,true,No official required courses listed; Same required courses shared by 12 majors in this school
UT Austin (Cockrell),Data Science,high_risk,true,official_site,false,false,false,false,true,true,No official required courses listed; Same required courses shared by 12 majors in this school
UT Austin (Cockrell),Electrical Engineering,high_risk,true,official_site,false,false,false,false,true,true,No official required courses listed; Same required courses shared by 12 majors in this school
UT Austin (Cockrell),Mechanical Engineering,verified,true,official_site,false,false,false,false,false,false,None
UT Austin (Cockrell),Chemical Engineering,verified,true,official_site,false,false,false,false,false,false,None
UT Austin (Cockrell),Civil Engineering,verified,true,official_site,false,false,false,false,false,false,None
UT Austin (Cockrell),Biomedical Engineering,verified,true,official_site,false,false,false,false,false,false,None
UT Austin (Cockrell),Aerospace Engineering,verified,true,official_site,false,false,false,false,false,false,None
UT Austin (Cockrell),Industrial Engineering,high_risk,true,official_site,false,false,false,false,true,true,No official required courses listed; Same required courses shared by 12 majors in this school
UT Austin (Cockrell),Materials Science & Engineering,high_risk,true,official_site,false,false,false,false,true,true,No official required courses listed; Same required courses shared by 12 majors in this school
UT Austin (Cockrell),Environmental Engineering,verified,true,official_site,false,false,false,false,false,false,None
UT Austin (Cockrell),Applied Mathematics,high_risk,true,official_site,false,false,false,false,true,true,No official required courses listed; Same required courses shared by 12 majors in this school
UT Austin (Cockrell),Physics,high_risk,true,official_site,false,false,false,false,true,true,No official required courses listed; Same required courses shared by 12 majors in this school
UT Austin (Cockrell),Chemistry,high_risk,true,official_site,false,false,false,false,true,true,No official required courses listed; Same required courses shared by 12 majors in this school
UT Austin (Cockrell),Business Administration,high_risk,true,official_site,false,false,false,false,true,true,No official required courses listed; Same required courses shared by 12 majors in this school
UT Austin (Cockrell),Economics,high_risk,true,official_site,false,false,false,false,true,true,No official required courses listed; Same required courses shared by 12 majors in this school
UT Austin (Cockrell),Technical Communication,high_risk,true,official_site,false,false,false,false,true,true,No official required courses listed; Same required courses shared by 12 majors in this school
UT Austin (Cockrell),Architectural Engineering,verified,true,official_site,false,false,false,false,false,false,None
UT Austin (Cockrell),Computational Engineering,verified,true,official_site,false,false,false,false,false,false,None
UT Austin (Cockrell),Electrical & Computer Engineering,verified,true,official_site,false,false,false,false,false,false,None
UT Austin (Cockrell),Geosystems Engineering,verified,true,official_site,false,false,false,false,false,false,None
UT Austin (Cockrell),Petroleum Engineering,verified,true,official_site,false,false,false,false,false,false,None
Purdue,Computer Science,high_risk,true,official_site,false,false,false,false,true,true,No official required courses listed; Same required courses shared by 26 majors in this school
Purdue,Data Science,high_risk,true,official_site,false,false,false,false,true,true,No official required courses listed; Same required courses shared by 26 majors in this school
Purdue,Information Technology,high_risk,true,official_site,false,false,false,false,true,true,No official required courses listed; Same required courses shared by 26 majors in this school
Purdue,Computer Engineering,verified,true,official_site,false,false,false,false,false,false,None
Purdue,Electrical Engineering,verified,true,official_site,false,false,false,false,false,false,None
Purdue,Mechanical Engineering,verified,true,official_site,false,false,false,false,false,false,None
Purdue,Civil Engineering,verified,true,official_site,false,false,false,false,false,false,None
Purdue,Chemical Engineering,verified,true,official_site,false,false,false,false,false,false,None
Purdue,Biomedical Engineering,verified,true,official_site,false,false,false,false,false,false,None
Purdue,Industrial Engineering,verified,true,official_site,false,false,false,false,false,false,None
Purdue,Aerospace Engineering,high_risk,true,official_site,false,false,false,false,true,true,No official required courses listed; Same required courses shared by 26 majors in this school
Purdue,Business Administration,high_risk,true,official_site,false,false,false,false,true,true,No official required courses listed; Same required courses shared by 26 majors in this school
Purdue,Finance,high_risk,true,official_site,false,false,false,false,true,true,No official required courses listed; Same required courses shared by 26 majors in this school
Purdue,Accounting,high_risk,true,official_site,false,false,false,false,true,true,No official required courses listed; Same required courses shared by 26 majors in this school
Purdue,Marketing,high_risk,true,official_site,false,false,false,false,true,true,No official required courses listed; Same required courses shared by 26 majors in this school
Purdue,Management,high_risk,true,official_site,false,false,false,false,true,true,No official required courses listed; Same required courses shared by 26 majors in this school
Purdue,Economics,high_risk,true,official_site,false,false,false,false,true,true,No official required courses listed; Same required courses shared by 26 majors in this school
Purdue,Psychology,high_risk,true,official_site,false,false,false,false,true,true,No official required courses listed; Same required courses shared by 26 majors in this school
Purdue,Political Science,high_risk,true,official_site,false,false,false,false,true,true,No official required courses listed; Same required courses shared by 26 majors in this school
Purdue,Sociology,high_risk,true,official_site,false,false,false,false,true,true,No official required courses listed; Same required courses shared by 26 majors in this school
Purdue,History,high_risk,true,official_site,false,false,false,false,true,true,No official required courses listed; Same required courses shared by 26 majors in this school
Purdue,English,high_risk,true,official_site,false,false,false,false,true,true,No official required courses listed; Same required courses shared by 26 majors in this school
Purdue,Communications,high_risk,true,official_site,false,false,false,false,true,true,No official required courses listed; Same required courses shared by 26 majors in this school
Purdue,Biology,high_risk,true,official_site,false,false,false,false,true,true,No official required courses listed; Same required courses shared by 26 majors in this school
Purdue,Biochemistry,high_risk,true,official_site,false,false,false,false,true,true,No official required courses listed; Same required courses shared by 26 majors in this school
Purdue,Chemistry,high_risk,true,official_site,false,false,false,false,true,true,No official required courses listed; Same required courses shared by 26 majors in this school
Purdue,Physics,high_risk,true,official_site,false,false,false,false,true,true,No official required courses listed; Same required courses shared by 26 majors in this school
Purdue,Mathematics,high_risk,true,official_site,false,false,false,false,true,true,No official required courses listed; Same required courses shared by 26 majors in this school
Purdue,Statistics,high_risk,true,official_site,false,false,false,false,true,true,No official required courses listed; Same required courses shared by 26 majors in this school
Purdue,Public Health,high_risk,true,official_site,false,false,false,false,true,true,No official required courses listed; Same required courses shared by 26 majors in this school
Purdue,Nursing,high_risk,true,official_site,false,false,false,false,true,true,No official required courses listed; Same required courses shared by 26 majors in this school
Purdue,International Relations,high_risk,true,official_site,false,false,false,false,true,true,No official required courses listed; Same required courses shared by 26 majors in this school
Purdue,Philosophy,high_risk,true,official_site,false,false,false,false,true,true,No official required courses listed; Same required courses shared by 26 majors in this school
Purdue,Aeronautical & Astronautical Engineering,verified,true,official_site,false,false,false,false,false,false,None
Purdue,Agricultural Engineering,verified,true,official_site,false,false,false,false,false,false,None
Purdue,Biological Engineering,verified,true,official_site,false,false,false,false,false,false,None
Purdue,Construction Engineering & Management (CEM),verified,true,official_site,false,false,false,false,false,false,None
Purdue,Environmental & Ecological Engineering,verified,true,official_site,false,false,false,false,false,false,None
Purdue,Environmental & Natural Resources Engineering,verified,true,official_site,false,false,false,false,false,false,None
Purdue,Interdisciplinary Engineering (IDES),verified,true,official_site,false,false,false,false,false,false,None
Purdue,Motorsports Engineering,verified,true,official_site,false,false,false,false,false,false,None
Purdue,Multidisciplinary Engineering (MDE),verified,true,official_site,false,false,false,false,false,false,None
Purdue,Nuclear Engineering,verified,true,official_site,false,false,false,false,false,false,None
Georgia Tech,Computer Science,verified,true,official_site,false,false,false,false,false,false,None
Georgia Tech,Computer Engineering,verified,true,official_site,false,false,false,false,false,false,None
Georgia Tech,Data Science,high_risk,true,official_site,false,false,false,false,true,true,No official required courses listed; Same required courses shared by 8 majors in this school
Georgia Tech,Electrical Engineering,verified,true,official_site,false,false,false,false,false,false,None
Georgia Tech,Mechanical Engineering,verified,true,official_site,false,false,false,false,false,false,None
Georgia Tech,Chemical Engineering,high_risk,true,official_site,false,false,false,false,true,true,No official required courses listed; Same required courses shared by 8 majors in this school
Georgia Tech,Civil Engineering,verified,true,official_site,false,false,false,false,false,false,None
Georgia Tech,Biomedical Engineering,verified,true,official_site,false,false,false,false,false,false,None
Georgia Tech,Aerospace Engineering,verified,true,official_site,false,false,false,false,false,false,None
Georgia Tech,Industrial Engineering,verified,true,official_site,false,false,false,false,false,false,None
Georgia Tech,Materials Science & Engineering,verified,true,official_site,false,false,false,false,false,false,None
Georgia Tech,Environmental Engineering,verified,true,official_site,false,false,false,false,false,false,None
Georgia Tech,Applied Mathematics,high_risk,true,official_site,false,false,false,false,true,true,No official required courses listed; Same required courses shared by 8 majors in this school
Georgia Tech,Physics,high_risk,true,official_site,false,false,false,false,true,true,No official required courses listed; Same required courses shared by 8 majors in this school
Georgia Tech,Chemistry,high_risk,true,official_site,false,false,false,false,true,true,No official required courses listed; Same required courses shared by 8 majors in this school
Georgia Tech,Business Administration,high_risk,true,official_site,false,false,false,false,true,true,No official required courses listed; Same required courses shared by 8 majors in this school
Georgia Tech,Economics,high_risk,true,official_site,false,false,false,false,true,true,No official required courses listed; Same required courses shared by 8 majors in this school
Georgia Tech,Technical Communication,high_risk,true,official_site,false,false,false,false,true,true,No official required courses listed; Same required courses shared by 8 majors in this school
Georgia Tech,Chemical & Biomolecular Engineering,verified,true,official_site,false,false,false,false,false,false,None
Georgia Tech,Nuclear & Radiological Engineering,verified,true,official_site,false,false,false,false,false,false,None
UC Berkeley (COE),Bioengineering,high_risk,true,official_site,false,false,false,false,true,true,No official required courses listed; Same required courses shared by 16 majors in this school
UC Berkeley (COE),Civil Engineering,high_risk,true,official_site,false,false,false,false,true,true,No official required courses listed; Same required courses shared by 16 majors in this school
UC Berkeley (COE),Computer Science,high_risk,true,official_site,false,false,false,false,true,true,No official required courses listed; Same required courses shared by 16 majors in this school
UC Berkeley (COE),Electrical Engineering & Computer Sciences (EECS),high_risk,true,official_site,false,false,false,false,true,true,No official required courses listed; Same required courses shared by 16 majors in this school
UC Berkeley (COE),Energy Engineering,high_risk,true,official_site,false,false,false,false,true,true,No official required courses listed; Same required courses shared by 16 majors in this school
UC Berkeley (COE),Engineering Math & Statistics,high_risk,true,official_site,false,false,false,false,true,true,No official required courses listed; Same required courses shared by 16 majors in this school
UC Berkeley (COE),Engineering Physics,high_risk,true,official_site,false,false,false,false,true,true,No official required courses listed; Same required courses shared by 16 majors in this school
UC Berkeley (COE),Environmental Engineering Science,high_risk,true,official_site,false,false,false,false,true,true,No official required courses listed; Same required courses shared by 16 majors in this school
UC Berkeley (COE),Industrial Engineering & Operations Research,high_risk,true,official_site,false,false,false,false,true,true,No official required courses listed; Same required courses shared by 16 majors in this school
UC Berkeley (COE),Materials Science & Engineering,high_risk,true,official_site,false,false,false,false,true,true,No official required courses listed; Same required courses shared by 16 majors in this school
UC Berkeley (COE),Mechanical Engineering,high_risk,true,official_site,false,false,false,false,true,true,No official required courses listed; Same required courses shared by 16 majors in this school
UC Berkeley (COE),Nuclear Engineering,high_risk,true,official_site,false,false,false,false,true,true,No official required courses listed; Same required courses shared by 16 majors in this school
UC Berkeley (COE),Business Administration,high_risk,true,official_site,false,false,false,false,true,true,No official required courses listed; Same required courses shared by 16 majors in this school
UC Berkeley (COE),Economics,high_risk,true,official_site,false,false,false,false,true,true,No official required courses listed; Same required courses shared by 16 majors in this school
UC Berkeley (COE),Data Science,high_risk,true,official_site,false,false,false,false,true,true,No official required courses listed; Same required courses shared by 16 majors in this school
UC Berkeley (COE),Cognitive Science,high_risk,true,official_site,false,false,false,false,true,true,No official required courses listed; Same required courses shared by 16 majors in this school
UC Berkeley (COE),Bioengineering (BioE),verified,true,official_site,false,false,false,false,false,false,None
UC Berkeley (COE),Civil & Environmental Engineering,verified,true,official_site,false,false,false,false,false,false,None
UC Berkeley (COE),EECS (Electrical Engineering & Computer Science),verified,true,official_site,false,false,false,false,false,false,None
UC Berkeley (COE),Industrial Engineering & Operations Research (IEOR),verified,true,official_site,false,false,false,false,false,false,None
UC Berkeley (COE),Materials Science & Engineering (MSE),verified,true,official_site,false,false,false,false,false,false,None
UC Berkeley (COE),Mechanical Engineering (ME),verified,true,official_site,false,false,false,false,false,false,None
UC Berkeley (COE),Nuclear Engineering (NE),verified,true,official_site,false,false,false,false,false,false,None
UC Berkeley (COE),"Chemical Engineering
★ College of Chemistry 소속 (COE 아님)",verified,true,assist,false,false,false,false,false,false,None
Penn State,Computer Science,high_risk,true,official_site,false,false,false,false,true,true,No official required courses listed; Same required courses shared by 26 majors in this school
Penn State,Data Science,high_risk,true,official_site,false,false,false,false,true,true,No official required courses listed; Same required courses shared by 26 majors in this school
Penn State,Information Technology,high_risk,true,official_site,false,false,false,false,true,true,No official required courses listed; Same required courses shared by 26 majors in this school
Penn State,Computer Engineering,verified,true,official_site,false,false,false,false,false,false,None
Penn State,Electrical Engineering,verified,true,official_site,false,false,false,false,false,false,None
Penn State,Mechanical Engineering,high_risk,true,official_site,false,false,false,false,true,true,No official required courses listed; Same required courses shared by 26 majors in this school
Penn State,Civil Engineering,verified,true,official_site,false,false,false,false,false,false,None
Penn State,Chemical Engineering,verified,true,official_site,false,false,false,false,false,false,None
Penn State,Biomedical Engineering,verified,true,official_site,false,false,false,false,false,false,None
Penn State,Industrial Engineering,verified,true,official_site,false,false,false,false,false,false,None
Penn State,Aerospace Engineering,verified,true,official_site,false,false,false,false,false,false,None
Penn State,Business Administration,high_risk,true,official_site,false,false,false,false,true,true,No official required courses listed; Same required courses shared by 26 majors in this school
Penn State,Finance,high_risk,true,official_site,false,false,false,false,true,true,No official required courses listed; Same required courses shared by 26 majors in this school
Penn State,Accounting,high_risk,true,official_site,false,false,false,false,true,true,No official required courses listed; Same required courses shared by 26 majors in this school
Penn State,Marketing,high_risk,true,official_site,false,false,false,false,true,true,No official required courses listed; Same required courses shared by 26 majors in this school
Penn State,Management,high_risk,true,official_site,false,false,false,false,true,true,No official required courses listed; Same required courses shared by 26 majors in this school
Penn State,Economics,high_risk,true,official_site,false,false,false,false,true,true,No official required courses listed; Same required courses shared by 26 majors in this school
Penn State,Psychology,high_risk,true,official_site,false,false,false,false,true,true,No official required courses listed; Same required courses shared by 26 majors in this school
Penn State,Political Science,high_risk,true,official_site,false,false,false,false,true,true,No official required courses listed; Same required courses shared by 26 majors in this school
Penn State,Sociology,high_risk,true,official_site,false,false,false,false,true,true,No official required courses listed; Same required courses shared by 26 majors in this school
Penn State,History,high_risk,true,official_site,false,false,false,false,true,true,No official required courses listed; Same required courses shared by 26 majors in this school
Penn State,English,high_risk,true,official_site,false,false,false,false,true,true,No official required courses listed; Same required courses shared by 26 majors in this school
Penn State,Communications,high_risk,true,official_site,false,false,false,false,true,true,No official required courses listed; Same required courses shared by 26 majors in this school
Penn State,Biology,high_risk,true,official_site,false,false,false,false,true,true,No official required courses listed; Same required courses shared by 26 majors in this school
Penn State,Biochemistry,high_risk,true,official_site,false,false,false,false,true,true,No official required courses listed; Same required courses shared by 26 majors in this school
Penn State,Chemistry,high_risk,true,official_site,false,false,false,false,true,true,No official required courses listed; Same required courses shared by 26 majors in this school
Penn State,Physics,high_risk,true,official_site,false,false,false,false,true,true,No official required courses listed; Same required courses shared by 26 majors in this school
Penn State,Mathematics,high_risk,true,official_site,false,false,false,false,true,true,No official required courses listed; Same required courses shared by 26 majors in this school
Penn State,Statistics,high_risk,true,official_site,false,false,false,false,true,true,No official required courses listed; Same required courses shared by 26 majors in this school
Penn State,Public Health,high_risk,true,official_site,false,false,false,false,true,true,No official required courses listed; Same required courses shared by 26 majors in this school
Penn State,Nursing,high_risk,true,official_site,false,false,false,false,true,true,No official required courses listed; Same required courses shared by 26 majors in this school
Penn State,International Relations,high_risk,true,official_site,false,false,false,false,true,true,No official required courses listed; Same required courses shared by 26 majors in this school
Penn State,Philosophy,high_risk,true,official_site,false,false,false,false,true,true,No official required courses listed; Same required courses shared by 26 majors in this school
Penn State,Architectural Engineering,verified,true,official_site,false,false,false,false,false,false,None
Penn State,Artificial Intelligence Engineering,verified,true,official_site,false,false,false,false,false,false,None
Penn State,Biological Engineering,verified,true,official_site,false,false,false,false,false,false,None
Penn State,Computer Science (비UP: Beaver/Brandywine/Hazelton),verified,true,official_site,false,false,false,false,false,false,None
Penn State,Computer Science (University Park),verified,true,official_site,false,false,false,false,false,false,None
Penn State,Data Sciences,verified,true,official_site,false,false,false,false,false,false,None
Penn State,Engineering (General),verified,true,official_site,false,false,false,false,false,false,None
Penn State,Engineering Science,verified,true,official_site,false,false,false,false,false,false,None
Penn State,Mechanical Engineering (비UP: Scranton),verified,true,official_site,false,false,false,false,false,false,None
Penn State,Mechanical Engineering (University Park),verified,true,official_site,false,false,false,false,false,false,None
Penn State,Nuclear Engineering,verified,true,official_site,false,false,false,false,false,false,None
Virginia Tech,Computer Science,verified,true,official_site,false,false,false,false,false,false,None
Virginia Tech,Computer Engineering,verified,true,official_site,false,false,false,false,false,false,None
Virginia Tech,Data Science,high_risk,true,official_site,false,false,false,false,true,true,No official required courses listed; Same required courses shared by 9 majors in this school
Virginia Tech,Electrical Engineering,verified,true,official_site,false,false,false,false,false,false,None
Virginia Tech,Mechanical Engineering,verified,true,official_site,false,false,false,false,false,false,None
Virginia Tech,Chemical Engineering,verified,true,official_site,false,false,false,false,false,false,None
Virginia Tech,Civil Engineering,verified,true,official_site,false,false,false,false,false,false,None
Virginia Tech,Biomedical Engineering,verified,true,official_site,false,false,false,false,false,false,None
Virginia Tech,Aerospace Engineering,verified,true,official_site,false,false,false,false,false,false,None
Virginia Tech,Industrial Engineering,high_risk,true,official_site,false,false,false,false,true,true,No official required courses listed; Same required courses shared by 9 majors in this school
Virginia Tech,Materials Science & Engineering,verified,true,official_site,false,false,false,false,false,false,None
Virginia Tech,Environmental Engineering,high_risk,true,official_site,false,false,false,false,true,true,No official required courses listed; Same required courses shared by 9 majors in this school
Virginia Tech,Applied Mathematics,high_risk,true,official_site,false,false,false,false,true,true,No official required courses listed; Same required courses shared by 9 majors in this school
Virginia Tech,Physics,high_risk,true,official_site,false,false,false,false,true,true,No official required courses listed; Same required courses shared by 9 majors in this school
Virginia Tech,Chemistry,high_risk,true,official_site,false,false,false,false,true,true,No official required courses listed; Same required courses shared by 9 majors in this school
Virginia Tech,Business Administration,high_risk,true,official_site,false,false,false,false,true,true,No official required courses listed; Same required courses shared by 9 majors in this school
Virginia Tech,Economics,high_risk,true,official_site,false,false,false,false,true,true,No official required courses listed; Same required courses shared by 9 majors in this school
Virginia Tech,Technical Communication,high_risk,true,official_site,false,false,false,false,true,true,No official required courses listed; Same required courses shared by 9 majors in this school
Virginia Tech,Biological Systems Engineering,verified,true,official_site,false,false,false,false,false,false,None
Virginia Tech,Building Construction,verified,true,official_site,false,false,false,false,false,false,None
Virginia Tech,Construction Engineering & Management,verified,true,official_site,false,false,false,false,false,false,None
Virginia Tech,Industrial & Systems Engineering,verified,true,official_site,false,false,false,false,false,false,None
Virginia Tech,Mining Engineering,verified,true,official_site,false,false,false,false,false,false,None
Virginia Tech,Ocean Engineering (BSAOE),verified,true,official_site,false,false,false,false,false,false,None
University of Virginia (UVA),Computer Science,high_risk,true,official_site,false,false,false,false,true,true,No official required courses listed; Same required courses shared by 30 majors in this school
University of Virginia (UVA),Data Science,high_risk,true,official_site,false,false,false,false,true,true,No official required courses listed; Same required courses shared by 30 majors in this school
University of Virginia (UVA),Information Technology,high_risk,true,official_site,false,false,false,false,true,true,No official required courses listed; Same required courses shared by 30 majors in this school
University of Virginia (UVA),Computer Engineering,high_risk,true,official_site,false,false,false,false,true,true,No official required courses listed; Same required courses shared by 30 majors in this school
University of Virginia (UVA),Electrical Engineering,high_risk,true,official_site,false,false,false,false,true,true,No official required courses listed; Same required courses shared by 30 majors in this school
University of Virginia (UVA),Mechanical Engineering,high_risk,true,official_site,false,false,false,false,true,true,No official required courses listed; Same required courses shared by 30 majors in this school
University of Virginia (UVA),Civil Engineering,verified,true,official_site,false,false,false,false,false,false,None
University of Virginia (UVA),Chemical Engineering,verified,true,official_site,false,false,false,false,false,false,None
University of Virginia (UVA),Biomedical Engineering,verified,true,official_site,false,false,false,false,false,false,None
University of Virginia (UVA),Industrial Engineering,high_risk,true,official_site,false,false,false,false,true,true,No official required courses listed; Same required courses shared by 30 majors in this school
University of Virginia (UVA),Aerospace Engineering,high_risk,true,official_site,false,false,false,false,true,true,No official required courses listed; Same required courses shared by 30 majors in this school
University of Virginia (UVA),Business Administration,high_risk,true,official_site,false,false,false,false,true,true,No official required courses listed; Same required courses shared by 30 majors in this school
University of Virginia (UVA),Finance,high_risk,true,official_site,false,false,false,false,true,true,No official required courses listed; Same required courses shared by 30 majors in this school
University of Virginia (UVA),Accounting,high_risk,true,official_site,false,false,false,false,true,true,No official required courses listed; Same required courses shared by 30 majors in this school
University of Virginia (UVA),Marketing,high_risk,true,official_site,false,false,false,false,true,true,No official required courses listed; Same required courses shared by 30 majors in this school
University of Virginia (UVA),Management,high_risk,true,official_site,false,false,false,false,true,true,No official required courses listed; Same required courses shared by 30 majors in this school
University of Virginia (UVA),Economics,high_risk,true,official_site,false,false,false,false,true,true,No official required courses listed; Same required courses shared by 30 majors in this school
University of Virginia (UVA),Psychology,high_risk,true,official_site,false,false,false,false,true,true,No official required courses listed; Same required courses shared by 30 majors in this school
University of Virginia (UVA),Political Science,high_risk,true,official_site,false,false,false,false,true,true,No official required courses listed; Same required courses shared by 30 majors in this school
University of Virginia (UVA),Sociology,high_risk,true,official_site,false,false,false,false,true,true,No official required courses listed; Same required courses shared by 30 majors in this school
University of Virginia (UVA),History,high_risk,true,official_site,false,false,false,false,true,true,No official required courses listed; Same required courses shared by 30 majors in this school
University of Virginia (UVA),English,high_risk,true,official_site,false,false,false,false,true,true,No official required courses listed; Same required courses shared by 30 majors in this school
University of Virginia (UVA),Communications,high_risk,true,official_site,false,false,false,false,true,true,No official required courses listed; Same required courses shared by 30 majors in this school
University of Virginia (UVA),Biology,high_risk,true,official_site,false,false,false,false,true,true,No official required courses listed; Same required courses shared by 30 majors in this school
University of Virginia (UVA),Biochemistry,high_risk,true,official_site,false,false,false,false,true,true,No official required courses listed; Same required courses shared by 30 majors in this school
University of Virginia (UVA),Chemistry,high_risk,true,official_site,false,false,false,false,true,true,No official required courses listed; Same required courses shared by 30 majors in this school
University of Virginia (UVA),Physics,high_risk,true,official_site,false,false,false,false,true,true,No official required courses listed; Same required courses shared by 30 majors in this school
University of Virginia (UVA),Mathematics,high_risk,true,official_site,false,false,false,false,true,true,No official required courses listed; Same required courses shared by 30 majors in this school
University of Virginia (UVA),Statistics,high_risk,true,official_site,false,false,false,false,true,true,No official required courses listed; Same required courses shared by 30 majors in this school
University of Virginia (UVA),Public Health,high_risk,true,official_site,false,false,false,false,true,true,No official required courses listed; Same required courses shared by 30 majors in this school
University of Virginia (UVA),Nursing,high_risk,true,official_site,false,false,false,false,true,true,No official required courses listed; Same required courses shared by 30 majors in this school
University of Virginia (UVA),International Relations,high_risk,true,official_site,false,false,false,false,true,true,No official required courses listed; Same required courses shared by 30 majors in this school
University of Virginia (UVA),Philosophy,high_risk,true,official_site,false,false,false,false,true,true,No official required courses listed; Same required courses shared by 30 majors in this school
University of Virginia (UVA),Aerospace Engineering (MAE),verified,true,official_site,false,false,false,false,false,false,None
University of Virginia (UVA),Computer Engineering (ECE),verified,true,official_site,false,false,false,false,false,false,None
University of Virginia (UVA),Computer Science (BSCS),verified,true,official_site,false,false,false,false,false,false,None
University of Virginia (UVA),Electrical Engineering (ECE),verified,true,official_site,false,false,false,false,false,false,None
University of Virginia (UVA),Engineering Science,verified,true,official_site,false,false,false,false,false,false,None
University of Virginia (UVA),Materials Science & Engineering,verified,true,official_site,false,false,false,false,false,false,None
University of Virginia (UVA),Mechanical Engineering (MAE),verified,true,official_site,false,false,false,false,false,false,None
University of Virginia (UVA),Systems Engineering,verified,true,official_site,false,false,false,false,false,false,None
Washington University in St. Louis (WashU),Computer Science,verified,true,official_site,false,false,false,false,false,false,None
Washington University in St. Louis (WashU),Data Science,verified,true,official_site,false,false,false,false,false,false,None
Washington University in St. Louis (WashU),Information Technology,high_risk,true,official_site,false,false,false,false,true,true,No official required courses listed; Same required courses shared by 26 majors in this school
Washington University in St. Louis (WashU),Computer Engineering,verified,true,official_site,false,false,false,false,false,false,None
Washington University in St. Louis (WashU),Electrical Engineering,verified,true,official_site,false,false,false,false,false,false,None
Washington University in St. Louis (WashU),Mechanical Engineering,verified,true,official_site,false,false,false,false,false,false,None
Washington University in St. Louis (WashU),Civil Engineering,high_risk,true,official_site,false,false,false,false,true,true,No official required courses listed; Same required courses shared by 26 majors in this school
Washington University in St. Louis (WashU),Chemical Engineering,verified,true,official_site,false,false,false,false,false,false,None
Washington University in St. Louis (WashU),Biomedical Engineering,verified,true,official_site,false,false,false,false,false,false,None
Washington University in St. Louis (WashU),Industrial Engineering,high_risk,true,official_site,false,false,false,false,true,true,No official required courses listed; Same required courses shared by 26 majors in this school
Washington University in St. Louis (WashU),Aerospace Engineering,high_risk,true,official_site,false,false,false,false,true,true,No official required courses listed; Same required courses shared by 26 majors in this school
Washington University in St. Louis (WashU),Business Administration,high_risk,true,official_site,false,false,false,false,true,true,No official required courses listed; Same required courses shared by 26 majors in this school
Washington University in St. Louis (WashU),Finance,high_risk,true,official_site,false,false,false,false,true,true,No official required courses listed; Same required courses shared by 26 majors in this school
Washington University in St. Louis (WashU),Accounting,high_risk,true,official_site,false,false,false,false,true,true,No official required courses listed; Same required courses shared by 26 majors in this school
Washington University in St. Louis (WashU),Marketing,high_risk,true,official_site,false,false,false,false,true,true,No official required courses listed; Same required courses shared by 26 majors in this school
Washington University in St. Louis (WashU),Management,high_risk,true,official_site,false,false,false,false,true,true,No official required courses listed; Same required courses shared by 26 majors in this school
Washington University in St. Louis (WashU),Economics,high_risk,true,official_site,false,false,false,false,true,true,No official required courses listed; Same required courses shared by 26 majors in this school
Washington University in St. Louis (WashU),Psychology,high_risk,true,official_site,false,false,false,false,true,true,No official required courses listed; Same required courses shared by 26 majors in this school
Washington University in St. Louis (WashU),Political Science,high_risk,true,official_site,false,false,false,false,true,true,No official required courses listed; Same required courses shared by 26 majors in this school
Washington University in St. Louis (WashU),Sociology,high_risk,true,official_site,false,false,false,false,true,true,No official required courses listed; Same required courses shared by 26 majors in this school
Washington University in St. Louis (WashU),History,high_risk,true,official_site,false,false,false,false,true,true,No official required courses listed; Same required courses shared by 26 majors in this school
Washington University in St. Louis (WashU),English,high_risk,true,official_site,false,false,false,false,true,true,No official required courses listed; Same required courses shared by 26 majors in this school
Washington University in St. Louis (WashU),Communications,high_risk,true,official_site,false,false,false,false,true,true,No official required courses listed; Same required courses shared by 26 majors in this school
Washington University in St. Louis (WashU),Biology,high_risk,true,official_site,false,false,false,false,true,true,No official required courses listed; Same required courses shared by 26 majors in this school
Washington University in St. Louis (WashU),Biochemistry,high_risk,true,official_site,false,false,false,false,true,true,No official required courses listed; Same required courses shared by 26 majors in this school
Washington University in St. Louis (WashU),Chemistry,high_risk,true,official_site,false,false,false,false,true,true,No official required courses listed; Same required courses shared by 26 majors in this school
Washington University in St. Louis (WashU),Physics,high_risk,true,official_site,false,false,false,false,true,true,No official required courses listed; Same required courses shared by 26 majors in this school
Washington University in St. Louis (WashU),Mathematics,high_risk,true,official_site,false,false,false,false,true,true,No official required courses listed; Same required courses shared by 26 majors in this school
Washington University in St. Louis (WashU),Statistics,high_risk,true,official_site,false,false,false,false,true,true,No official required courses listed; Same required courses shared by 26 majors in this school
Washington University in St. Louis (WashU),Public Health,high_risk,true,official_site,false,false,false,false,true,true,No official required courses listed; Same required courses shared by 26 majors in this school
Washington University in St. Louis (WashU),Nursing,high_risk,true,official_site,false,false,false,false,true,true,No official required courses listed; Same required courses shared by 26 majors in this school
Washington University in St. Louis (WashU),International Relations,high_risk,true,official_site,false,false,false,false,true,true,No official required courses listed; Same required courses shared by 26 majors in this school
Washington University in St. Louis (WashU),Philosophy,high_risk,true,official_site,false,false,false,false,true,true,No official required courses listed; Same required courses shared by 26 majors in this school
Washington University in St. Louis (WashU),Computer Science + Economics,verified,true,official_site,false,false,false,false,false,false,None
Washington University in St. Louis (WashU),Computer Science + Math,verified,true,official_site,false,false,false,false,false,false,None
Washington University in St. Louis (WashU),Business + Computer Science,verified,true,official_site,false,false,false,false,false,false,None
Washington University in St. Louis (WashU),Systems Science & Engineering,verified,true,official_site,false,false,false,false,false,false,None
Washington University in St. Louis (WashU),Environmental Engineering,verified,true,official_site,false,false,false,false,false,false,None
UNC Chapel Hill,Computer Science,high_risk,true,official_site,false,false,false,false,true,true,No official required courses listed; Same required courses shared by 33 majors in this school
UNC Chapel Hill,Data Science,high_risk,true,official_site,false,false,false,false,true,true,No official required courses listed; Same required courses shared by 33 majors in this school
UNC Chapel Hill,Information Technology,high_risk,true,official_site,false,false,false,false,true,true,No official required courses listed; Same required courses shared by 33 majors in this school
UNC Chapel Hill,Computer Engineering,high_risk,true,official_site,false,false,false,false,true,true,No official required courses listed; Same required courses shared by 33 majors in this school
UNC Chapel Hill,Electrical Engineering,high_risk,true,official_site,false,false,false,false,true,true,No official required courses listed; Same required courses shared by 33 majors in this school
UNC Chapel Hill,Mechanical Engineering,high_risk,true,official_site,false,false,false,false,true,true,No official required courses listed; Same required courses shared by 33 majors in this school
UNC Chapel Hill,Civil Engineering,high_risk,true,official_site,false,false,false,false,true,true,No official required courses listed; Same required courses shared by 33 majors in this school
UNC Chapel Hill,Chemical Engineering,high_risk,true,official_site,false,false,false,false,true,true,No official required courses listed; Same required courses shared by 33 majors in this school
UNC Chapel Hill,Biomedical Engineering,high_risk,true,official_site,false,false,false,false,true,true,No official required courses listed; Same required courses shared by 33 majors in this school
UNC Chapel Hill,Industrial Engineering,high_risk,true,official_site,false,false,false,false,true,true,No official required courses listed; Same required courses shared by 33 majors in this school
UNC Chapel Hill,Aerospace Engineering,high_risk,true,official_site,false,false,false,false,true,true,No official required courses listed; Same required courses shared by 33 majors in this school
UNC Chapel Hill,Business Administration,high_risk,true,official_site,false,false,false,false,true,true,No official required courses listed; Same required courses shared by 33 majors in this school
UNC Chapel Hill,Finance,high_risk,true,official_site,false,false,false,false,true,true,No official required courses listed; Same required courses shared by 33 majors in this school
UNC Chapel Hill,Accounting,high_risk,true,official_site,false,false,false,false,true,true,No official required courses listed; Same required courses shared by 33 majors in this school
UNC Chapel Hill,Marketing,high_risk,true,official_site,false,false,false,false,true,true,No official required courses listed; Same required courses shared by 33 majors in this school
UNC Chapel Hill,Management,high_risk,true,official_site,false,false,false,false,true,true,No official required courses listed; Same required courses shared by 33 majors in this school
UNC Chapel Hill,Economics,high_risk,true,official_site,false,false,false,false,true,true,No official required courses listed; Same required courses shared by 33 majors in this school
UNC Chapel Hill,Psychology,high_risk,true,official_site,false,false,false,false,true,true,No official required courses listed; Same required courses shared by 33 majors in this school
UNC Chapel Hill,Political Science,high_risk,true,official_site,false,false,false,false,true,true,No official required courses listed; Same required courses shared by 33 majors in this school
UNC Chapel Hill,Sociology,high_risk,true,official_site,false,false,false,false,true,true,No official required courses listed; Same required courses shared by 33 majors in this school
UNC Chapel Hill,History,high_risk,true,official_site,false,false,false,false,true,true,No official required courses listed; Same required courses shared by 33 majors in this school
UNC Chapel Hill,English,high_risk,true,official_site,false,false,false,false,true,true,No official required courses listed; Same required courses shared by 33 majors in this school
UNC Chapel Hill,Communications,high_risk,true,official_site,false,false,false,false,true,true,No official required courses listed; Same required courses shared by 33 majors in this school
UNC Chapel Hill,Biology,high_risk,true,official_site,false,false,false,false,true,true,No official required courses listed; Same required courses shared by 33 majors in this school
UNC Chapel Hill,Biochemistry,high_risk,true,official_site,false,false,false,false,true,true,No official required courses listed; Same required courses shared by 33 majors in this school
UNC Chapel Hill,Chemistry,high_risk,true,official_site,false,false,false,false,true,true,No official required courses listed; Same required courses shared by 33 majors in this school
UNC Chapel Hill,Physics,high_risk,true,official_site,false,false,false,false,true,true,No official required courses listed; Same required courses shared by 33 majors in this school
UNC Chapel Hill,Mathematics,high_risk,true,official_site,false,false,false,false,true,true,No official required courses listed; Same required courses shared by 33 majors in this school
UNC Chapel Hill,Statistics,high_risk,true,official_site,false,false,false,false,true,true,No official required courses listed; Same required courses shared by 33 majors in this school
UNC Chapel Hill,Public Health,high_risk,true,official_site,false,false,false,false,true,true,No official required courses listed; Same required courses shared by 33 majors in this school
UNC Chapel Hill,Nursing,high_risk,true,official_site,false,false,false,false,true,true,No official required courses listed; Same required courses shared by 33 majors in this school
UNC Chapel Hill,International Relations,high_risk,true,official_site,false,false,false,false,true,true,No official required courses listed; Same required courses shared by 33 majors in this school
UNC Chapel Hill,Philosophy,high_risk,true,official_site,false,false,false,false,true,true,No official required courses listed; Same required courses shared by 33 majors in this school
UNC Chapel Hill,Applied Sciences BS -- Materials Engineering track,verified,true,official_site,false,false,false,false,false,false,None
UNC Chapel Hill,Applied Sciences BS -- Environmental Engineering track,verified,true,official_site,false,false,false,false,false,false,None
MIT,Computer Science and Engineering,high_risk,true,official_site,false,false,false,false,true,true,No official required courses listed; Same required courses shared by 17 majors in this school
MIT,Electrical Engineering and Computer Science,high_risk,true,official_site,false,false,false,false,true,true,No official required courses listed; Same required courses shared by 17 majors in this school
MIT,Computer Science and Molecular Biology,high_risk,true,official_site,false,false,false,false,true,true,No official required courses listed; Same required courses shared by 17 majors in this school
MIT,Mechanical Engineering,high_risk,true,official_site,false,false,false,false,true,true,No official required courses listed; Same required courses shared by 17 majors in this school
MIT,Physics,high_risk,true,official_site,false,false,false,false,true,true,No official required courses listed; Same required courses shared by 17 majors in this school
MIT,Mathematics,high_risk,true,official_site,false,false,false,false,true,true,No official required courses listed; Same required courses shared by 17 majors in this school
MIT,Chemical Engineering,high_risk,true,official_site,false,false,false,false,true,true,No official required courses listed; Same required courses shared by 17 majors in this school
MIT,Biological Engineering,high_risk,true,official_site,false,false,false,false,true,true,No official required courses listed; Same required courses shared by 17 majors in this school
MIT,Materials Science and Engineering,high_risk,true,official_site,false,false,false,false,true,true,No official required courses listed; Same required courses shared by 17 majors in this school
MIT,Aerospace Engineering,high_risk,true,official_site,false,false,false,false,true,true,No official required courses listed; Same required courses shared by 17 majors in this school
MIT,Brain and Cognitive Sciences,high_risk,true,official_site,false,false,false,false,true,true,No official required courses listed; Same required courses shared by 17 majors in this school
MIT,Economics,high_risk,true,official_site,false,false,false,false,true,true,No official required courses listed; Same required courses shared by 17 majors in this school
MIT,Management,high_risk,true,official_site,false,false,false,false,true,true,No official required courses listed; Same required courses shared by 17 majors in this school
MIT,Finance,high_risk,true,official_site,false,false,false,false,true,true,No official required courses listed; Same required courses shared by 17 majors in this school
MIT,Business Analytics,high_risk,true,official_site,false,false,false,false,true,true,No official required courses listed; Same required courses shared by 17 majors in this school
MIT,Civil and Environmental Engineering,high_risk,true,official_site,false,false,false,false,true,true,No official required courses listed; Same required courses shared by 17 majors in this school
MIT,Nuclear Science and Engineering,high_risk,true,official_site,false,false,false,false,true,true,No official required courses listed; Same required courses shared by 17 majors in this school
MIT,"Aeronautics & Astronautics (Course 16)
SB: Aerospace Engineering (16)
SB: Engineering flexible (16-ENG)",verified,true,official_site,false,false,false,false,false,false,None
MIT,"Biological Engineering (Course 20)
SB: Biological Engineering (20)",verified,true,official_site,false,false,false,false,false,false,None
MIT,"Chemical Engineering (Course 10)
SB: Chemical Engineering (10)
SB: Chemical-Biological Engineering (10-B)
SB: Chemical Engineering advanced (10-C)
SB: Engineering flexible (10-ENG)",verified,true,official_site,false,false,false,false,false,false,None
MIT,"Civil & Environmental Engineering (Course 1)
SB: General Engineering (1-ENG)
학제간 SB: Climate System Science & Engineering (1-12)*
(*interdisciplinary — Course 1과 Course 12 공동)",verified,true,official_site,false,false,false,false,false,false,None
MIT,"Electrical Engineering & Computer Science (Course 6) — MIT 최대 학과
SB: Electrical Science & Engineering (6-1)
SB: Electrical Eng & Computer Science (6-2)
SB: Computer Science & Engineering (6-3)
SB: AI & Decision Making (6-4)
SB: Electrical Engineering with Computing (6-5)
학제간 SB: CS & Molecular Biology (6-7)*
학제간 SB: Computation & Cognition (6-9)*
학제간 SB: CS, Economics & Data Science (6-14)*",verified,true,official_site,false,false,false,false,false,false,None
MIT,"Materials Science & Engineering (Course 3)
SB: Materials Science & Engineering (3)
SB: Materials Science & Engineering flexible (3-A)
SB: Archaeology & Materials (3-C)",verified,true,official_site,false,false,false,false,false,false,None
MIT,"Mechanical Engineering (Course 2)
SB: Mechanical Engineering (2)
SB: Mechanical & Ocean Engineering (2-OE)
SB: Engineering flexible (2-A)",verified,true,official_site,false,false,false,false,false,false,None
MIT,"Nuclear Science & Engineering (Course 22)
SB: Nuclear Science & Engineering (22)
SB: Engineering flexible (22-ENG)",verified,true,official_site,false,false,false,false,false,false,None
Stanford University,Computer Science,high_risk,true,official_site,false,false,false,false,true,true,No official required courses listed; Same required courses shared by 21 majors in this school
Stanford University,Symbolic Systems,high_risk,true,official_site,false,false,false,false,true,true,No official required courses listed; Same required courses shared by 21 majors in this school
Stanford University,Management Science and Engineering,high_risk,true,official_site,false,false,false,false,true,true,No official required courses listed; Same required courses shared by 21 majors in this school
Stanford University,Electrical Engineering,high_risk,true,official_site,false,false,false,false,true,true,No official required courses listed; Same required courses shared by 21 majors in this school
Stanford University,Mechanical Engineering,high_risk,true,official_site,false,false,false,false,true,true,No official required courses listed; Same required courses shared by 21 majors in this school
Stanford University,Bioengineering,high_risk,true,official_site,false,false,false,false,true,true,No official required courses listed; Same required courses shared by 21 majors in this school
Stanford University,Chemical Engineering,high_risk,true,official_site,false,false,false,false,true,true,No official required courses listed; Same required courses shared by 21 majors in this school
Stanford University,Materials Science and Engineering,high_risk,true,official_site,false,false,false,false,true,true,No official required courses listed; Same required courses shared by 21 majors in this school
Stanford University,Civil Engineering,high_risk,true,official_site,false,false,false,false,true,true,No official required courses listed; Same required courses shared by 21 majors in this school
Stanford University,Biomedical Computation,high_risk,true,official_site,false,false,false,false,true,true,No official required courses listed; Same required courses shared by 21 majors in this school
Stanford University,Economics,needs_source_check,true,official_site,false,false,false,false,false,true,"Note does not state ""Verified"""
Stanford University,Psychology,high_risk,true,official_site,false,false,false,false,true,true,No official required courses listed; Same required courses shared by 21 majors in this school
Stanford University,Political Science,high_risk,true,official_site,false,false,false,false,true,true,No official required courses listed; Same required courses shared by 21 majors in this school
Stanford University,Human Biology,high_risk,true,official_site,false,false,false,false,true,true,No official required courses listed; Same required courses shared by 21 majors in this school
Stanford University,Biology,high_risk,true,official_site,false,false,false,false,true,true,No official required courses listed; Same required courses shared by 21 majors in this school
Stanford University,Mathematics,high_risk,true,official_site,false,false,false,false,true,true,No official required courses listed; Same required courses shared by 21 majors in this school
Stanford University,Physics,high_risk,true,official_site,false,false,false,false,true,true,No official required courses listed; Same required courses shared by 21 majors in this school
Stanford University,Chemistry,high_risk,true,official_site,false,false,false,false,true,true,No official required courses listed; Same required courses shared by 21 majors in this school
Stanford University,Statistics,high_risk,true,official_site,false,false,false,false,true,true,No official required courses listed; Same required courses shared by 21 majors in this school
Stanford University,Communication,high_risk,true,official_site,false,false,false,false,true,true,No official required courses listed; Same required courses shared by 21 majors in this school
Stanford University,Sociology,high_risk,true,official_site,false,false,false,false,true,true,No official required courses listed; Same required courses shared by 21 majors in this school
Stanford University,International Relations,high_risk,true,official_site,false,false,false,false,true,true,No official required courses listed; Same required courses shared by 21 majors in this school
Stanford University,"Aeronautics & Astronautics (AA-BS)
Department: Aeronautics & Astronautics",verified,true,official_site,false,false,false,false,false,false,None
Stanford University,"Bioengineering (BIOE-BS)
Department: Bioengineering",verified,true,official_site,false,false,false,false,false,false,None
Stanford University,"Chemical Engineering (CHEMENG-BS)
Department: Chemical Engineering",verified,true,official_site,false,false,false,false,false,false,None
Stanford University,"Civil Engineering (CEE-BS)
Department: Civil & Environmental Engineering
※ 같은 학과에서 Environmental Engineering도 제공",verified,true,official_site,false,false,false,false,false,false,None
Stanford University,"Environmental Engineering (CEE 학과 소속 — BS)
Department: Civil & Environmental Engineering
※ Civil Engineering과 같은 학과; 별도 BS 학위",verified,true,official_site,false,false,false,false,false,false,None
Stanford University,"Computer Science (CS-BS)
Department: Computer Science",verified,true,official_site,false,false,false,false,false,false,None
Stanford University,"Electrical Engineering (EE-BS)
Department: Electrical Engineering",verified,true,official_site,false,false,false,false,false,false,None
Stanford University,"Management Science & Engineering (MS&E-BS)
Department: Management Science & Engineering",verified,true,official_site,false,false,false,false,false,false,None
Stanford University,"Materials Science & Engineering (MATSCI-BS)
Department: Materials Science & Engineering",verified,true,official_site,false,false,false,false,false,false,None
Stanford University,"Mechanical Engineering (ME-BS)
Department: Mechanical Engineering",verified,true,official_site,false,false,false,false,false,false,None
Stanford University,"Engineering — Atmosphere & Energy (ENGR-BS subplan)
학제간 BS in Engineering, School of Engineering 직속",verified,true,official_site,false,false,false,false,false,false,None
Stanford University,"Engineering — Biomechanical Engineering (ENGR-BS subplan)
학제간 BS in Engineering, School of Engineering 직속",verified,true,official_site,false,false,false,false,false,false,None
Stanford University,"Engineering — Biomedical Computation (ENGR-BS subplan)
학제간 BS in Engineering, School of Engineering 직속",verified,true,official_site,false,false,false,false,false,false,None
Stanford University,"Engineering — Engineering Physics (ENGR-BS subplan)
학제간 BS in Engineering, School of Engineering 직속",verified,true,official_site,false,false,false,false,false,false,None
Stanford University,"Engineering — Sustainable Architecture & Engineering (ENGR-BS subplan)
학제간 BS in Engineering, School of Engineering 직속
※ Architectural Design subplan: 2023년 이전 입학자만 (현재 신입 없음)",verified,true,official_site,false,false,false,false,false,false,None
Stanford University,"Individually Designed Major in Engineering (IDMEN-BS)
※ 위 16개 defined 전공에 해당하지 않는 분야 지망자가 교수 2인과 설계하는 자체 전공. 입학 후 junior 말까지 신청.",verified,true,official_site,false,false,false,false,false,false,None
Yale University,Computer Science,high_risk,true,official_site,false,false,false,false,true,true,No official required courses listed; Same required courses shared by 33 majors in this school
Yale University,Data Science,high_risk,true,official_site,false,false,false,false,true,true,No official required courses listed; Same required courses shared by 33 majors in this school
Yale University,Information Technology,high_risk,true,official_site,false,false,false,false,true,true,No official required courses listed; Same required courses shared by 33 majors in this school
Yale University,Computer Engineering,high_risk,true,official_site,false,false,false,false,true,true,No official required courses listed; Same required courses shared by 33 majors in this school
Yale University,Electrical Engineering,high_risk,true,official_site,false,false,false,false,true,true,No official required courses listed; Same required courses shared by 33 majors in this school
Yale University,Mechanical Engineering,high_risk,true,official_site,false,false,false,false,true,true,No official required courses listed; Same required courses shared by 33 majors in this school
Yale University,Civil Engineering,high_risk,true,official_site,false,false,false,false,true,true,No official required courses listed; Same required courses shared by 33 majors in this school
Yale University,Chemical Engineering,high_risk,true,official_site,false,false,false,false,true,true,No official required courses listed; Same required courses shared by 33 majors in this school
Yale University,Biomedical Engineering,high_risk,true,official_site,false,false,false,false,true,true,No official required courses listed; Same required courses shared by 33 majors in this school
Yale University,Industrial Engineering,high_risk,true,official_site,false,false,false,false,true,true,No official required courses listed; Same required courses shared by 33 majors in this school
Yale University,Aerospace Engineering,high_risk,true,official_site,false,false,false,false,true,true,No official required courses listed; Same required courses shared by 33 majors in this school
Yale University,Business Administration,high_risk,true,official_site,false,false,false,false,true,true,No official required courses listed; Same required courses shared by 33 majors in this school
Yale University,Finance,high_risk,true,official_site,false,false,false,false,true,true,No official required courses listed; Same required courses shared by 33 majors in this school
Yale University,Accounting,high_risk,true,official_site,false,false,false,false,true,true,No official required courses listed; Same required courses shared by 33 majors in this school
Yale University,Marketing,high_risk,true,official_site,false,false,false,false,true,true,No official required courses listed; Same required courses shared by 33 majors in this school
Yale University,Management,high_risk,true,official_site,false,false,false,false,true,true,No official required courses listed; Same required courses shared by 33 majors in this school
Yale University,Economics,high_risk,true,official_site,false,false,false,false,true,true,No official required courses listed; Same required courses shared by 33 majors in this school
Yale University,Psychology,high_risk,true,official_site,false,false,false,false,true,true,No official required courses listed; Same required courses shared by 33 majors in this school
Yale University,Political Science,high_risk,true,official_site,false,false,false,false,true,true,No official required courses listed; Same required courses shared by 33 majors in this school
Yale University,Sociology,high_risk,true,official_site,false,false,false,false,true,true,No official required courses listed; Same required courses shared by 33 majors in this school
Yale University,History,high_risk,true,official_site,false,false,false,false,true,true,No official required courses listed; Same required courses shared by 33 majors in this school
Yale University,English,high_risk,true,official_site,false,false,false,false,true,true,No official required courses listed; Same required courses shared by 33 majors in this school
Yale University,Communications,high_risk,true,official_site,false,false,false,false,true,true,No official required courses listed; Same required courses shared by 33 majors in this school
Yale University,Biology,high_risk,true,official_site,false,false,false,false,true,true,No official required courses listed; Same required courses shared by 33 majors in this school
Yale University,Biochemistry,high_risk,true,official_site,false,false,false,false,true,true,No official required courses listed; Same required courses shared by 33 majors in this school
Yale University,Chemistry,high_risk,true,official_site,false,false,false,false,true,true,No official required courses listed; Same required courses shared by 33 majors in this school
Yale University,Physics,high_risk,true,official_site,false,false,false,false,true,true,No official required courses listed; Same required courses shared by 33 majors in this school
Yale University,Mathematics,high_risk,true,official_site,false,false,false,false,true,true,No official required courses listed; Same required courses shared by 33 majors in this school
Yale University,Statistics,high_risk,true,official_site,false,false,false,false,true,true,No official required courses listed; Same required courses shared by 33 majors in this school
Yale University,Public Health,high_risk,true,official_site,false,false,false,false,true,true,No official required courses listed; Same required courses shared by 33 majors in this school
Yale University,Nursing,high_risk,true,official_site,false,false,false,false,true,true,No official required courses listed; Same required courses shared by 33 majors in this school
Yale University,International Relations,high_risk,true,official_site,false,false,false,false,true,true,No official required courses listed; Same required courses shared by 33 majors in this school
Yale University,Philosophy,high_risk,true,official_site,false,false,false,false,true,true,No official required courses listed; Same required courses shared by 33 majors in this school
Yale University,"Applied Mathematics (BA or BS)
※ SEAS 소속; engineering 입학 지침 적용",verified,true,official_site,false,false,false,false,false,false,None
Yale University,Applied Physics (BS),verified,true,official_site,false,false,false,false,false,false,None
Yale University,Biomedical Engineering (BS + combined BS/MS 가능),verified,true,official_site,false,false,false,false,false,false,None
Yale University,"Chemical Engineering
BS (ABET 인증) | BS: Engineering Sciences—Chemical",verified,true,official_site,false,false,false,false,false,false,None
Yale University,"Computer Science
BS or BA | BS: CS+Economics | BS: CS+Mathematics | BA: CS+Psychology | BA/BS: Computing & Linguistics | BA: Computing & Arts",verified,true,official_site,false,false,false,false,false,false,None
Yale University,"Electrical Engineering
BS (ABET 인증, 실질적으로 'Electrical & Computer Engineering') | BS/BA: Engineering Sciences—Electrical",verified,true,official_site,false,false,false,false,false,false,None
Yale University,"Environmental Engineering
BS | BS/BA: Engineering Sciences—Environmental",verified,true,official_site,false,false,false,false,false,false,None
Yale University,"Mechanical Engineering
BS (ABET 인증) | BS/BA: Engineering Sciences—Mechanical",verified,true,official_site,false,false,false,false,false,false,None
Harvard University,Computer Science,high_risk,true,official_site,false,false,false,false,true,true,No official required courses listed; Same required courses shared by 23 majors in this school
Harvard University,Applied Mathematics,high_risk,true,official_site,false,false,false,false,true,true,No official required courses listed; Same required courses shared by 23 majors in this school
Harvard University,Statistics,high_risk,true,official_site,false,false,false,false,true,true,No official required courses listed; Same required courses shared by 23 majors in this school
Harvard University,Electrical Engineering,high_risk,true,official_site,false,false,false,false,true,true,No official required courses listed; Same required courses shared by 23 majors in this school
Harvard University,Mechanical Engineering,high_risk,true,official_site,false,false,false,false,true,true,No official required courses listed; Same required courses shared by 23 majors in this school
Harvard University,Biomedical Engineering,high_risk,true,official_site,false,false,false,false,true,true,No official required courses listed; Same required courses shared by 23 majors in this school
Harvard University,Chemical and Physical Biology,high_risk,true,official_site,false,false,false,false,true,true,No official required courses listed; Same required courses shared by 23 majors in this school
Harvard University,Physics,high_risk,true,official_site,false,false,false,false,true,true,No official required courses listed; Same required courses shared by 23 majors in this school
Harvard University,Chemistry,high_risk,true,official_site,false,false,false,false,true,true,No official required courses listed; Same required courses shared by 23 majors in this school
Harvard University,Molecular and Cellular Biology,high_risk,true,official_site,false,false,false,false,true,true,No official required courses listed; Same required courses shared by 23 majors in this school
Harvard University,Human Evolutionary Biology,high_risk,true,official_site,false,false,false,false,true,true,No official required courses listed; Same required courses shared by 23 majors in this school
Harvard University,Economics,high_risk,true,official_site,false,false,false,false,true,true,No official required courses listed; Same required courses shared by 23 majors in this school
Harvard University,Government,high_risk,true,official_site,false,false,false,false,true,true,No official required courses listed; Same required courses shared by 23 majors in this school
Harvard University,Psychology,high_risk,true,official_site,false,false,false,false,true,true,No official required courses listed; Same required courses shared by 23 majors in this school
Harvard University,Sociology,high_risk,true,official_site,false,false,false,false,true,true,No official required courses listed; Same required courses shared by 23 majors in this school
Harvard University,History,high_risk,true,official_site,false,false,false,false,true,true,No official required courses listed; Same required courses shared by 23 majors in this school
Harvard University,English,high_risk,true,official_site,false,false,false,false,true,true,No official required courses listed; Same required courses shared by 23 majors in this school
Harvard University,Philosophy,high_risk,true,official_site,false,false,false,false,true,true,No official required courses listed; Same required courses shared by 23 majors in this school
Harvard University,Linguistics,high_risk,true,official_site,false,false,false,false,true,true,No official required courses listed; Same required courses shared by 23 majors in this school
Harvard University,Neuroscience,high_risk,true,official_site,false,false,false,false,true,true,No official required courses listed; Same required courses shared by 23 majors in this school
Harvard University,History and Literature,high_risk,true,official_site,false,false,false,false,true,true,No official required courses listed; Same required courses shared by 23 majors in this school
Harvard University,Anthropology,high_risk,true,official_site,false,false,false,false,true,true,No official required courses listed; Same required courses shared by 23 majors in this school
Harvard University,Social Studies,high_risk,true,official_site,false,false,false,false,true,true,No official required courses listed; Same required courses shared by 23 majors in this school
Harvard University,"Applied Mathematics (AB or AB/SM)
※ Harvard는 'concentration' 사용
Secondary Field(minor) 별도 제공",verified,true,official_site,false,false,false,false,false,false,None
Harvard University,"Bioengineering (AB or SB)
SB = 'Engineering Sciences SB (Bioengineering track)'
AB = 'Biomedical Engineering AB' (구어 표현)
※ 'Biomedical Engineering' 독립 전공 없음 — seas.harvard.edu 확인",verified,true,official_site,false,false,false,false,false,false,None
Harvard University,"Computer Science (AB or AB/SM)
Secondary Field(minor) 별도 제공",verified,true,official_site,false,false,false,false,false,false,None
Harvard University,"Electrical Engineering (AB or SB)
SB = 'Electrical Engineering SB'
AB = 'Engineering Sciences AB (Electrical & Computer Engineering track)'",verified,true,official_site,false,false,false,false,false,false,None
Harvard University,"Environmental Science & Engineering (AB or SB)
SB = 'Engineering Sciences SB (Environmental Science & Eng track)'
AB = 'Environmental Science & Engineering AB'",verified,true,official_site,false,false,false,false,false,false,None
Harvard University,"Materials Science & Mechanical Engineering (AB or SB)
SB = 'Materials Science & Mechanical Engineering SB'
AB = 'Engineering Sciences AB (Mechanical & Materials Science & Eng track)'
※ Mechanical Engineering과 Materials Science가 통합 전공",verified,true,official_site,false,false,false,false,false,false,None
Northwestern University,Computer Science,verified,true,official_site,false,false,false,false,false,false,None
Northwestern University,Data Science,high_risk,true,official_site,false,false,false,false,true,true,No official required courses listed; Same required courses shared by 25 majors in this school
Northwestern University,Information Technology,high_risk,true,official_site,false,false,false,false,true,true,No official required courses listed; Same required courses shared by 25 majors in this school
Northwestern University,Computer Engineering,verified,true,official_site,false,false,false,false,false,false,None
Northwestern University,Electrical Engineering,verified,true,official_site,false,false,false,false,false,false,None
Northwestern University,Mechanical Engineering,verified,true,official_site,false,false,false,false,false,false,None
Northwestern University,Civil Engineering,verified,true,official_site,false,false,false,false,false,false,None
Northwestern University,Chemical Engineering,verified,true,official_site,false,false,false,false,false,false,None
Northwestern University,Biomedical Engineering,verified,true,official_site,false,false,false,false,false,false,None
Northwestern University,Industrial Engineering,verified,true,official_site,false,false,false,false,false,false,None
Northwestern University,Aerospace Engineering,high_risk,true,official_site,false,false,false,false,true,true,No official required courses listed; Same required courses shared by 25 majors in this school
Northwestern University,Business Administration,high_risk,true,official_site,false,false,false,false,true,true,No official required courses listed; Same required courses shared by 25 majors in this school
Northwestern University,Finance,high_risk,true,official_site,false,false,false,false,true,true,No official required courses listed; Same required courses shared by 25 majors in this school
Northwestern University,Accounting,high_risk,true,official_site,false,false,false,false,true,true,No official required courses listed; Same required courses shared by 25 majors in this school
Northwestern University,Marketing,high_risk,true,official_site,false,false,false,false,true,true,No official required courses listed; Same required courses shared by 25 majors in this school
Northwestern University,Management,high_risk,true,official_site,false,false,false,false,true,true,No official required courses listed; Same required courses shared by 25 majors in this school
Northwestern University,Economics,high_risk,true,official_site,false,false,false,false,true,true,No official required courses listed; Same required courses shared by 25 majors in this school
Northwestern University,Psychology,high_risk,true,official_site,false,false,false,false,true,true,No official required courses listed; Same required courses shared by 25 majors in this school
Northwestern University,Political Science,high_risk,true,official_site,false,false,false,false,true,true,No official required courses listed; Same required courses shared by 25 majors in this school
Northwestern University,Sociology,high_risk,true,official_site,false,false,false,false,true,true,No official required courses listed; Same required courses shared by 25 majors in this school
Northwestern University,History,high_risk,true,official_site,false,false,false,false,true,true,No official required courses listed; Same required courses shared by 25 majors in this school
Northwestern University,English,high_risk,true,official_site,false,false,false,false,true,true,No official required courses listed; Same required courses shared by 25 majors in this school
Northwestern University,Communications,high_risk,true,official_site,false,false,false,false,true,true,No official required courses listed; Same required courses shared by 25 majors in this school
Northwestern University,Biology,high_risk,true,official_site,false,false,false,false,true,true,No official required courses listed; Same required courses shared by 25 majors in this school
Northwestern University,Biochemistry,high_risk,true,official_site,false,false,false,false,true,true,No official required courses listed; Same required courses shared by 25 majors in this school
Northwestern University,Chemistry,high_risk,true,official_site,false,false,false,false,true,true,No official required courses listed; Same required courses shared by 25 majors in this school
Northwestern University,Physics,high_risk,true,official_site,false,false,false,false,true,true,No official required courses listed; Same required courses shared by 25 majors in this school
Northwestern University,Mathematics,high_risk,true,official_site,false,false,false,false,true,true,No official required courses listed; Same required courses shared by 25 majors in this school
Northwestern University,Statistics,high_risk,true,official_site,false,false,false,false,true,true,No official required courses listed; Same required courses shared by 25 majors in this school
Northwestern University,Public Health,high_risk,true,official_site,false,false,false,false,true,true,No official required courses listed; Same required courses shared by 25 majors in this school
Northwestern University,Nursing,high_risk,true,official_site,false,false,false,false,true,true,No official required courses listed; Same required courses shared by 25 majors in this school
Northwestern University,International Relations,high_risk,true,official_site,false,false,false,false,true,true,No official required courses listed; Same required courses shared by 25 majors in this school
Northwestern University,Philosophy,high_risk,true,official_site,false,false,false,false,true,true,No official required courses listed; Same required courses shared by 25 majors in this school
Northwestern University,Applied Mathematics,verified,true,official_site,false,false,false,false,false,false,None
Northwestern University,Environmental Engineering,verified,true,official_site,false,false,false,false,false,false,None
Northwestern University,Materials Science & Engineering,verified,true,official_site,false,false,false,false,false,false,None
University of Chicago,Computer Science,high_risk,true,official_site,false,false,false,false,true,true,No official required courses listed; Same required courses shared by 33 majors in this school
University of Chicago,Data Science,high_risk,true,official_site,false,false,false,false,true,true,No official required courses listed; Same required courses shared by 33 majors in this school
University of Chicago,Information Technology,high_risk,true,official_site,false,false,false,false,true,true,No official required courses listed; Same required courses shared by 33 majors in this school
University of Chicago,Computer Engineering,high_risk,true,official_site,false,false,false,false,true,true,No official required courses listed; Same required courses shared by 33 majors in this school
University of Chicago,Electrical Engineering,high_risk,true,official_site,false,false,false,false,true,true,No official required courses listed; Same required courses shared by 33 majors in this school
University of Chicago,Mechanical Engineering,high_risk,true,official_site,false,false,false,false,true,true,No official required courses listed; Same required courses shared by 33 majors in this school
University of Chicago,Civil Engineering,high_risk,true,official_site,false,false,false,false,true,true,No official required courses listed; Same required courses shared by 33 majors in this school
University of Chicago,Chemical Engineering,high_risk,true,official_site,false,false,false,false,true,true,No official required courses listed; Same required courses shared by 33 majors in this school
University of Chicago,Biomedical Engineering,high_risk,true,official_site,false,false,false,false,true,true,No official required courses listed; Same required courses shared by 33 majors in this school
University of Chicago,Industrial Engineering,high_risk,true,official_site,false,false,false,false,true,true,No official required courses listed; Same required courses shared by 33 majors in this school
University of Chicago,Aerospace Engineering,high_risk,true,official_site,false,false,false,false,true,true,No official required courses listed; Same required courses shared by 33 majors in this school
University of Chicago,Business Administration,high_risk,true,official_site,false,false,false,false,true,true,No official required courses listed; Same required courses shared by 33 majors in this school
University of Chicago,Finance,high_risk,true,official_site,false,false,false,false,true,true,No official required courses listed; Same required courses shared by 33 majors in this school
University of Chicago,Accounting,high_risk,true,official_site,false,false,false,false,true,true,No official required courses listed; Same required courses shared by 33 majors in this school
University of Chicago,Marketing,high_risk,true,official_site,false,false,false,false,true,true,No official required courses listed; Same required courses shared by 33 majors in this school
University of Chicago,Management,high_risk,true,official_site,false,false,false,false,true,true,No official required courses listed; Same required courses shared by 33 majors in this school
University of Chicago,Economics,high_risk,true,official_site,false,false,false,false,true,true,No official required courses listed; Same required courses shared by 33 majors in this school
University of Chicago,Psychology,high_risk,true,official_site,false,false,false,false,true,true,No official required courses listed; Same required courses shared by 33 majors in this school
University of Chicago,Political Science,high_risk,true,official_site,false,false,false,false,true,true,No official required courses listed; Same required courses shared by 33 majors in this school
University of Chicago,Sociology,high_risk,true,official_site,false,false,false,false,true,true,No official required courses listed; Same required courses shared by 33 majors in this school
University of Chicago,History,high_risk,true,official_site,false,false,false,false,true,true,No official required courses listed; Same required courses shared by 33 majors in this school
University of Chicago,English,high_risk,true,official_site,false,false,false,false,true,true,No official required courses listed; Same required courses shared by 33 majors in this school
University of Chicago,Communications,high_risk,true,official_site,false,false,false,false,true,true,No official required courses listed; Same required courses shared by 33 majors in this school
University of Chicago,Biology,high_risk,true,official_site,false,false,false,false,true,true,No official required courses listed; Same required courses shared by 33 majors in this school
University of Chicago,Biochemistry,high_risk,true,official_site,false,false,false,false,true,true,No official required courses listed; Same required courses shared by 33 majors in this school
University of Chicago,Chemistry,high_risk,true,official_site,false,false,false,false,true,true,No official required courses listed; Same required courses shared by 33 majors in this school
University of Chicago,Physics,high_risk,true,official_site,false,false,false,false,true,true,No official required courses listed; Same required courses shared by 33 majors in this school
University of Chicago,Mathematics,high_risk,true,official_site,false,false,false,false,true,true,No official required courses listed; Same required courses shared by 33 majors in this school
University of Chicago,Statistics,high_risk,true,official_site,false,false,false,false,true,true,No official required courses listed; Same required courses shared by 33 majors in this school
University of Chicago,Public Health,high_risk,true,official_site,false,false,false,false,true,true,No official required courses listed; Same required courses shared by 33 majors in this school
University of Chicago,Nursing,high_risk,true,official_site,false,false,false,false,true,true,No official required courses listed; Same required courses shared by 33 majors in this school
University of Chicago,International Relations,high_risk,true,official_site,false,false,false,false,true,true,No official required courses listed; Same required courses shared by 33 majors in this school
University of Chicago,Philosophy,high_risk,true,official_site,false,false,false,false,true,true,No official required courses listed; Same required courses shared by 33 majors in this school
University of Chicago,Molecular Engineering (Bioengineering Track),verified,true,official_site,false,false,false,false,false,false,None
University of Chicago,Molecular Engineering (Chemical Track),verified,true,official_site,false,false,false,false,false,false,None
University of Chicago,Molecular Engineering (Quantum Track),verified,true,official_site,false,false,false,false,false,false,None
University of Notre Dame,Computer Science,needs_source_check,true,official_site,false,false,false,false,true,true,Same required courses shared by 4 majors in this school
University of Notre Dame,Data Science,high_risk,true,official_site,false,false,false,false,true,true,No official required courses listed; Same required courses shared by 26 majors in this school
University of Notre Dame,Information Technology,high_risk,true,official_site,false,false,false,false,true,true,No official required courses listed; Same required courses shared by 26 majors in this school
University of Notre Dame,Computer Engineering,needs_source_check,true,official_site,false,false,false,false,true,true,Same required courses shared by 4 majors in this school
University of Notre Dame,Electrical Engineering,needs_source_check,true,official_site,false,false,false,false,true,true,Same required courses shared by 4 majors in this school
University of Notre Dame,Mechanical Engineering,needs_source_check,true,official_site,false,false,false,false,true,true,Same required courses shared by 4 majors in this school
University of Notre Dame,Civil Engineering,needs_source_check,true,official_site,false,false,false,false,true,true,Same required courses shared by 4 majors in this school
University of Notre Dame,Chemical Engineering,needs_source_check,true,official_site,false,false,false,false,true,true,Same required courses shared by 4 majors in this school
University of Notre Dame,Biomedical Engineering,high_risk,true,official_site,false,false,false,false,true,true,No official required courses listed; Same required courses shared by 26 majors in this school
University of Notre Dame,Industrial Engineering,high_risk,true,official_site,false,false,false,false,true,true,No official required courses listed; Same required courses shared by 26 majors in this school
University of Notre Dame,Aerospace Engineering,needs_source_check,true,official_site,false,false,false,false,true,true,Same required courses shared by 4 majors in this school
University of Notre Dame,Business Administration,high_risk,true,official_site,false,false,false,false,true,true,No official required courses listed; Same required courses shared by 26 majors in this school
University of Notre Dame,Finance,high_risk,true,official_site,false,false,false,false,true,true,No official required courses listed; Same required courses shared by 26 majors in this school
University of Notre Dame,Accounting,high_risk,true,official_site,false,false,false,false,true,true,No official required courses listed; Same required courses shared by 26 majors in this school
University of Notre Dame,Marketing,high_risk,true,official_site,false,false,false,false,true,true,No official required courses listed; Same required courses shared by 26 majors in this school
University of Notre Dame,Management,high_risk,true,official_site,false,false,false,false,true,true,No official required courses listed; Same required courses shared by 26 majors in this school
University of Notre Dame,Economics,high_risk,true,official_site,false,false,false,false,true,true,No official required courses listed; Same required courses shared by 26 majors in this school
University of Notre Dame,Psychology,high_risk,true,official_site,false,false,false,false,true,true,No official required courses listed; Same required courses shared by 26 majors in this school
University of Notre Dame,Political Science,high_risk,true,official_site,false,false,false,false,true,true,No official required courses listed; Same required courses shared by 26 majors in this school
University of Notre Dame,Sociology,high_risk,true,official_site,false,false,false,false,true,true,No official required courses listed; Same required courses shared by 26 majors in this school
University of Notre Dame,History,high_risk,true,official_site,false,false,false,false,true,true,No official required courses listed; Same required courses shared by 26 majors in this school
University of Notre Dame,English,high_risk,true,official_site,false,false,false,false,true,true,No official required courses listed; Same required courses shared by 26 majors in this school
University of Notre Dame,Communications,high_risk,true,official_site,false,false,false,false,true,true,No official required courses listed; Same required courses shared by 26 majors in this school
University of Notre Dame,Biology,high_risk,true,official_site,false,false,false,false,true,true,No official required courses listed; Same required courses shared by 26 majors in this school
University of Notre Dame,Biochemistry,high_risk,true,official_site,false,false,false,false,true,true,No official required courses listed; Same required courses shared by 26 majors in this school
University of Notre Dame,Chemistry,high_risk,true,official_site,false,false,false,false,true,true,No official required courses listed; Same required courses shared by 26 majors in this school
University of Notre Dame,Physics,high_risk,true,official_site,false,false,false,false,true,true,No official required courses listed; Same required courses shared by 26 majors in this school
University of Notre Dame,Mathematics,high_risk,true,official_site,false,false,false,false,true,true,No official required courses listed; Same required courses shared by 26 majors in this school
University of Notre Dame,Statistics,high_risk,true,official_site,false,false,false,false,true,true,No official required courses listed; Same required courses shared by 26 majors in this school
University of Notre Dame,Public Health,high_risk,true,official_site,false,false,false,false,true,true,No official required courses listed; Same required courses shared by 26 majors in this school
University of Notre Dame,Nursing,high_risk,true,official_site,false,false,false,false,true,true,No official required courses listed; Same required courses shared by 26 majors in this school
University of Notre Dame,International Relations,high_risk,true,official_site,false,false,false,false,true,true,No official required courses listed; Same required courses shared by 26 majors in this school
University of Notre Dame,Philosophy,high_risk,true,official_site,false,false,false,false,true,true,No official required courses listed; Same required courses shared by 26 majors in this school
University of Notre Dame,Environmental Engineering,needs_source_check,true,official_site,false,false,false,false,false,true,"Note does not state ""Verified"""
University of Notre Dame,Environmental Earth Sciences,needs_source_check,true,official_site,false,false,false,false,true,true,Same required courses shared by 4 majors in this school
Vanderbilt University,Computer Science,needs_source_check,true,official_site,false,false,false,false,true,true,Same required courses shared by 9 majors in this school
Vanderbilt University,Data Science,high_risk,true,official_site,false,false,false,false,true,true,No official required courses listed; Same required courses shared by 26 majors in this school
Vanderbilt University,Information Technology,high_risk,true,official_site,false,false,false,false,true,true,No official required courses listed; Same required courses shared by 26 majors in this school
Vanderbilt University,Computer Engineering,needs_source_check,true,official_site,false,false,false,false,true,true,Same required courses shared by 9 majors in this school
Vanderbilt University,Electrical Engineering,needs_source_check,true,official_site,false,false,false,false,true,true,Same required courses shared by 9 majors in this school
Vanderbilt University,Mechanical Engineering,needs_source_check,true,official_site,false,false,false,false,true,true,Same required courses shared by 9 majors in this school
Vanderbilt University,Civil Engineering,needs_source_check,true,official_site,false,false,false,false,true,true,Same required courses shared by 9 majors in this school
Vanderbilt University,Chemical Engineering,needs_source_check,true,official_site,false,false,false,false,true,true,Same required courses shared by 9 majors in this school
Vanderbilt University,Biomedical Engineering,needs_source_check,true,official_site,false,false,false,false,true,true,Same required courses shared by 9 majors in this school
Vanderbilt University,Industrial Engineering,high_risk,true,official_site,false,false,false,false,true,true,No official required courses listed; Same required courses shared by 26 majors in this school
Vanderbilt University,Aerospace Engineering,high_risk,true,official_site,false,false,false,false,true,true,No official required courses listed; Same required courses shared by 26 majors in this school
Vanderbilt University,Business Administration,high_risk,true,official_site,false,false,false,false,true,true,No official required courses listed; Same required courses shared by 26 majors in this school
Vanderbilt University,Finance,high_risk,true,official_site,false,false,false,false,true,true,No official required courses listed; Same required courses shared by 26 majors in this school
Vanderbilt University,Accounting,high_risk,true,official_site,false,false,false,false,true,true,No official required courses listed; Same required courses shared by 26 majors in this school
Vanderbilt University,Marketing,high_risk,true,official_site,false,false,false,false,true,true,No official required courses listed; Same required courses shared by 26 majors in this school
Vanderbilt University,Management,high_risk,true,official_site,false,false,false,false,true,true,No official required courses listed; Same required courses shared by 26 majors in this school
Vanderbilt University,Economics,high_risk,true,official_site,false,false,false,false,true,true,No official required courses listed; Same required courses shared by 26 majors in this school
Vanderbilt University,Psychology,high_risk,true,official_site,false,false,false,false,true,true,No official required courses listed; Same required courses shared by 26 majors in this school
Vanderbilt University,Political Science,high_risk,true,official_site,false,false,false,false,true,true,No official required courses listed; Same required courses shared by 26 majors in this school
Vanderbilt University,Sociology,high_risk,true,official_site,false,false,false,false,true,true,No official required courses listed; Same required courses shared by 26 majors in this school
Vanderbilt University,History,high_risk,true,official_site,false,false,false,false,true,true,No official required courses listed; Same required courses shared by 26 majors in this school
Vanderbilt University,English,high_risk,true,official_site,false,false,false,false,true,true,No official required courses listed; Same required courses shared by 26 majors in this school
Vanderbilt University,Communications,high_risk,true,official_site,false,false,false,false,true,true,No official required courses listed; Same required courses shared by 26 majors in this school
Vanderbilt University,Biology,high_risk,true,official_site,false,false,false,false,true,true,No official required courses listed; Same required courses shared by 26 majors in this school
Vanderbilt University,Biochemistry,high_risk,true,official_site,false,false,false,false,true,true,No official required courses listed; Same required courses shared by 26 majors in this school
Vanderbilt University,Chemistry,high_risk,true,official_site,false,false,false,false,true,true,No official required courses listed; Same required courses shared by 26 majors in this school
Vanderbilt University,Physics,high_risk,true,official_site,false,false,false,false,true,true,No official required courses listed; Same required courses shared by 26 majors in this school
Vanderbilt University,Mathematics,high_risk,true,official_site,false,false,false,false,true,true,No official required courses listed; Same required courses shared by 26 majors in this school
Vanderbilt University,Statistics,high_risk,true,official_site,false,false,false,false,true,true,No official required courses listed; Same required courses shared by 26 majors in this school
Vanderbilt University,Public Health,high_risk,true,official_site,false,false,false,false,true,true,No official required courses listed; Same required courses shared by 26 majors in this school
Vanderbilt University,Nursing,high_risk,true,official_site,false,false,false,false,true,true,No official required courses listed; Same required courses shared by 26 majors in this school
Vanderbilt University,International Relations,high_risk,true,official_site,false,false,false,false,true,true,No official required courses listed; Same required courses shared by 26 majors in this school
Vanderbilt University,Philosophy,high_risk,true,official_site,false,false,false,false,true,true,No official required courses listed; Same required courses shared by 26 majors in this school
Vanderbilt University,Environmental Engineering,needs_source_check,true,official_site,false,false,false,false,true,true,Same required courses shared by 9 majors in this school
Vanderbilt University,Engineering Science,needs_source_check,true,official_site,false,false,false,false,true,true,Same required courses shared by 9 majors in this school
University of Florida,Computer Science,verified,true,official_site,false,false,false,false,false,false,None
University of Florida,Data Science,high_risk,true,official_site,false,false,false,false,true,true,No official required courses listed; Same required courses shared by 25 majors in this school
University of Florida,Information Technology,high_risk,true,official_site,false,false,false,false,true,true,No official required courses listed; Same required courses shared by 25 majors in this school
University of Florida,Computer Engineering,verified,true,official_site,false,false,false,false,false,false,None
University of Florida,Electrical Engineering,verified,true,official_site,false,false,false,false,false,false,None
University of Florida,Mechanical Engineering,verified,true,official_site,false,false,false,false,false,false,None
University of Florida,Civil Engineering,verified,true,official_site,false,false,false,false,false,false,None
University of Florida,Chemical Engineering,verified,true,official_site,false,false,false,false,false,false,None
University of Florida,Biomedical Engineering,verified,true,official_site,false,false,false,false,false,false,None
University of Florida,Industrial Engineering,high_risk,true,official_site,false,false,false,false,true,true,No official required courses listed; Same required courses shared by 25 majors in this school
University of Florida,Aerospace Engineering,verified,true,official_site,false,false,false,false,false,false,None
University of Florida,Business Administration,high_risk,true,official_site,false,false,false,false,true,true,No official required courses listed; Same required courses shared by 25 majors in this school
University of Florida,Finance,high_risk,true,official_site,false,false,false,false,true,true,No official required courses listed; Same required courses shared by 25 majors in this school
University of Florida,Accounting,high_risk,true,official_site,false,false,false,false,true,true,No official required courses listed; Same required courses shared by 25 majors in this school
University of Florida,Marketing,high_risk,true,official_site,false,false,false,false,true,true,No official required courses listed; Same required courses shared by 25 majors in this school
University of Florida,Management,high_risk,true,official_site,false,false,false,false,true,true,No official required courses listed; Same required courses shared by 25 majors in this school
University of Florida,Economics,high_risk,true,official_site,false,false,false,false,true,true,No official required courses listed; Same required courses shared by 25 majors in this school
University of Florida,Psychology,high_risk,true,official_site,false,false,false,false,true,true,No official required courses listed; Same required courses shared by 25 majors in this school
University of Florida,Political Science,high_risk,true,official_site,false,false,false,false,true,true,No official required courses listed; Same required courses shared by 25 majors in this school
University of Florida,Sociology,high_risk,true,official_site,false,false,false,false,true,true,No official required courses listed; Same required courses shared by 25 majors in this school
University of Florida,History,high_risk,true,official_site,false,false,false,false,true,true,No official required courses listed; Same required courses shared by 25 majors in this school
University of Florida,English,high_risk,true,official_site,false,false,false,false,true,true,No official required courses listed; Same required courses shared by 25 majors in this school
University of Florida,Communications,high_risk,true,official_site,false,false,false,false,true,true,No official required courses listed; Same required courses shared by 25 majors in this school
University of Florida,Biology,high_risk,true,official_site,false,false,false,false,true,true,No official required courses listed; Same required courses shared by 25 majors in this school
University of Florida,Biochemistry,high_risk,true,official_site,false,false,false,false,true,true,No official required courses listed; Same required courses shared by 25 majors in this school
University of Florida,Chemistry,high_risk,true,official_site,false,false,false,false,true,true,No official required courses listed; Same required courses shared by 25 majors in this school
University of Florida,Physics,high_risk,true,official_site,false,false,false,false,true,true,No official required courses listed; Same required courses shared by 25 majors in this school
University of Florida,Mathematics,high_risk,true,official_site,false,false,false,false,true,true,No official required courses listed; Same required courses shared by 25 majors in this school
University of Florida,Statistics,high_risk,true,official_site,false,false,false,false,true,true,No official required courses listed; Same required courses shared by 25 majors in this school
University of Florida,Public Health,high_risk,true,official_site,false,false,false,false,true,true,No official required courses listed; Same required courses shared by 25 majors in this school
University of Florida,Nursing,high_risk,true,official_site,false,false,false,false,true,true,No official required courses listed; Same required courses shared by 25 majors in this school
University of Florida,International Relations,high_risk,true,official_site,false,false,false,false,true,true,No official required courses listed; Same required courses shared by 25 majors in this school
University of Florida,Philosophy,high_risk,true,official_site,false,false,false,false,true,true,No official required courses listed; Same required courses shared by 25 majors in this school
University of Florida,Environmental Engineering,verified,true,official_site,false,false,false,false,false,false,None
University of Florida,Industrial & Systems Engineering,verified,true,official_site,false,false,false,false,false,false,None
University of Florida,Materials Science & Engineering,verified,true,official_site,false,false,false,false,false,false,None
University of Florida,Nuclear Engineering,verified,true,official_site,false,false,false,false,false,false,None
Carnegie Mellon University,Computer Science,high_risk,true,official_site,false,false,false,false,true,true,No official required courses listed; Same required courses shared by 32 majors in this school
Carnegie Mellon University,Data Science,high_risk,true,official_site,false,false,false,false,true,true,No official required courses listed; Same required courses shared by 32 majors in this school
Carnegie Mellon University,Information Technology,high_risk,true,official_site,false,false,false,false,true,true,No official required courses listed; Same required courses shared by 32 majors in this school
Carnegie Mellon University,Computer Engineering,high_risk,true,official_site,false,false,false,false,true,true,No official required courses listed; Same required courses shared by 32 majors in this school
Carnegie Mellon University,Electrical Engineering,high_risk,true,official_site,false,false,false,false,true,true,No official required courses listed; Same required courses shared by 32 majors in this school
Carnegie Mellon University,Mechanical Engineering,verified,true,official_site,false,false,false,false,false,false,None
Carnegie Mellon University,Civil Engineering,high_risk,true,official_site,false,false,false,false,true,true,No official required courses listed; Same required courses shared by 32 majors in this school
Carnegie Mellon University,Chemical Engineering,high_risk,true,official_site,false,false,false,false,true,true,No official required courses listed; Same required courses shared by 32 majors in this school
Carnegie Mellon University,Biomedical Engineering,high_risk,true,official_site,false,false,false,false,true,true,No official required courses listed; Same required courses shared by 32 majors in this school
Carnegie Mellon University,Industrial Engineering,high_risk,true,official_site,false,false,false,false,true,true,No official required courses listed; Same required courses shared by 32 majors in this school
Carnegie Mellon University,Aerospace Engineering,high_risk,true,official_site,false,false,false,false,true,true,No official required courses listed; Same required courses shared by 32 majors in this school
Carnegie Mellon University,Business Administration,high_risk,true,official_site,false,false,false,false,true,true,No official required courses listed; Same required courses shared by 32 majors in this school
Carnegie Mellon University,Finance,high_risk,true,official_site,false,false,false,false,true,true,No official required courses listed; Same required courses shared by 32 majors in this school
Carnegie Mellon University,Accounting,high_risk,true,official_site,false,false,false,false,true,true,No official required courses listed; Same required courses shared by 32 majors in this school
Carnegie Mellon University,Marketing,high_risk,true,official_site,false,false,false,false,true,true,No official required courses listed; Same required courses shared by 32 majors in this school
Carnegie Mellon University,Management,high_risk,true,official_site,false,false,false,false,true,true,No official required courses listed; Same required courses shared by 32 majors in this school
Carnegie Mellon University,Economics,high_risk,true,official_site,false,false,false,false,true,true,No official required courses listed; Same required courses shared by 32 majors in this school
Carnegie Mellon University,Psychology,high_risk,true,official_site,false,false,false,false,true,true,No official required courses listed; Same required courses shared by 32 majors in this school
Carnegie Mellon University,Political Science,high_risk,true,official_site,false,false,false,false,true,true,No official required courses listed; Same required courses shared by 32 majors in this school
Carnegie Mellon University,Sociology,high_risk,true,official_site,false,false,false,false,true,true,No official required courses listed; Same required courses shared by 32 majors in this school
Carnegie Mellon University,History,high_risk,true,official_site,false,false,false,false,true,true,No official required courses listed; Same required courses shared by 32 majors in this school
Carnegie Mellon University,English,high_risk,true,official_site,false,false,false,false,true,true,No official required courses listed; Same required courses shared by 32 majors in this school
Carnegie Mellon University,Communications,high_risk,true,official_site,false,false,false,false,true,true,No official required courses listed; Same required courses shared by 32 majors in this school
Carnegie Mellon University,Biology,high_risk,true,official_site,false,false,false,false,true,true,No official required courses listed; Same required courses shared by 32 majors in this school
Carnegie Mellon University,Biochemistry,high_risk,true,official_site,false,false,false,false,true,true,No official required courses listed; Same required courses shared by 32 majors in this school
Carnegie Mellon University,Chemistry,high_risk,true,official_site,false,false,false,false,true,true,No official required courses listed; Same required courses shared by 32 majors in this school
Carnegie Mellon University,Physics,high_risk,true,official_site,false,false,false,false,true,true,No official required courses listed; Same required courses shared by 32 majors in this school
Carnegie Mellon University,Mathematics,high_risk,true,official_site,false,false,false,false,true,true,No official required courses listed; Same required courses shared by 32 majors in this school
Carnegie Mellon University,Statistics,high_risk,true,official_site,false,false,false,false,true,true,No official required courses listed; Same required courses shared by 32 majors in this school
Carnegie Mellon University,Public Health,high_risk,true,official_site,false,false,false,false,true,true,No official required courses listed; Same required courses shared by 32 majors in this school
Carnegie Mellon University,Nursing,high_risk,true,official_site,false,false,false,false,true,true,No official required courses listed; Same required courses shared by 32 majors in this school
Carnegie Mellon University,International Relations,high_risk,true,official_site,false,false,false,false,true,true,No official required courses listed; Same required courses shared by 32 majors in this school
Carnegie Mellon University,Philosophy,high_risk,true,official_site,false,false,false,false,true,true,No official required courses listed; Same required courses shared by 32 majors in this school
Carnegie Mellon University,Electrical and Computer Engineering,verified,true,official_site,false,false,false,false,false,false,None
Johns Hopkins University,Computer Science,needs_source_check,true,official_site,true,false,false,false,true,true,Mixed recommendations in required courses; Required courses contain recommendation keywords; Same required courses shared by 3 majors in this school
Johns Hopkins University,Data Science,high_risk,true,official_site,false,false,false,false,true,true,No official required courses listed; Same required courses shared by 30 majors in this school
Johns Hopkins University,Information Technology,high_risk,true,official_site,false,false,false,false,true,true,No official required courses listed; Same required courses shared by 30 majors in this school
Johns Hopkins University,Computer Engineering,high_risk,true,official_site,false,false,false,false,true,true,No official required courses listed; Same required courses shared by 30 majors in this school
Johns Hopkins University,Electrical Engineering,needs_source_check,true,official_site,true,false,false,false,true,true,Mixed recommendations in required courses; Required courses contain recommendation keywords; Same required courses shared by 3 majors in this school
Johns Hopkins University,Mechanical Engineering,needs_source_check,true,official_site,true,false,false,false,true,true,Mixed recommendations in required courses; Required courses contain recommendation keywords; Same required courses shared by 3 majors in this school
Johns Hopkins University,Civil Engineering,high_risk,true,official_site,false,false,false,false,true,true,No official required courses listed; Same required courses shared by 30 majors in this school
Johns Hopkins University,Chemical Engineering,high_risk,true,official_site,false,false,false,false,true,true,No official required courses listed; Same required courses shared by 30 majors in this school
Johns Hopkins University,Biomedical Engineering,high_risk,true,official_site,false,false,false,false,true,true,No official required courses listed; Same required courses shared by 30 majors in this school
Johns Hopkins University,Industrial Engineering,high_risk,true,official_site,false,false,false,false,true,true,No official required courses listed; Same required courses shared by 30 majors in this school
Johns Hopkins University,Aerospace Engineering,high_risk,true,official_site,false,false,false,false,true,true,No official required courses listed; Same required courses shared by 30 majors in this school
Johns Hopkins University,Business Administration,high_risk,true,official_site,false,false,false,false,true,true,No official required courses listed; Same required courses shared by 30 majors in this school
Johns Hopkins University,Finance,high_risk,true,official_site,false,false,false,false,true,true,No official required courses listed; Same required courses shared by 30 majors in this school
Johns Hopkins University,Accounting,high_risk,true,official_site,false,false,false,false,true,true,No official required courses listed; Same required courses shared by 30 majors in this school
Johns Hopkins University,Marketing,high_risk,true,official_site,false,false,false,false,true,true,No official required courses listed; Same required courses shared by 30 majors in this school
Johns Hopkins University,Management,high_risk,true,official_site,false,false,false,false,true,true,No official required courses listed; Same required courses shared by 30 majors in this school
Johns Hopkins University,Economics,high_risk,true,official_site,false,false,false,false,true,true,No official required courses listed; Same required courses shared by 30 majors in this school
Johns Hopkins University,Psychology,high_risk,true,official_site,false,false,false,false,true,true,No official required courses listed; Same required courses shared by 30 majors in this school
Johns Hopkins University,Political Science,high_risk,true,official_site,false,false,false,false,true,true,No official required courses listed; Same required courses shared by 30 majors in this school
Johns Hopkins University,Sociology,high_risk,true,official_site,false,false,false,false,true,true,No official required courses listed; Same required courses shared by 30 majors in this school
Johns Hopkins University,History,high_risk,true,official_site,false,false,false,false,true,true,No official required courses listed; Same required courses shared by 30 majors in this school
Johns Hopkins University,English,high_risk,true,official_site,false,false,false,false,true,true,No official required courses listed; Same required courses shared by 30 majors in this school
Johns Hopkins University,Communications,high_risk,true,official_site,false,false,false,false,true,true,No official required courses listed; Same required courses shared by 30 majors in this school
Johns Hopkins University,Biology,high_risk,true,official_site,false,false,false,false,true,true,No official required courses listed; Same required courses shared by 30 majors in this school
Johns Hopkins University,Biochemistry,high_risk,true,official_site,false,false,false,false,true,true,No official required courses listed; Same required courses shared by 30 majors in this school
Johns Hopkins University,Chemistry,high_risk,true,official_site,false,false,false,false,true,true,No official required courses listed; Same required courses shared by 30 majors in this school
Johns Hopkins University,Physics,high_risk,true,official_site,false,false,false,false,true,true,No official required courses listed; Same required courses shared by 30 majors in this school
Johns Hopkins University,Mathematics,high_risk,true,official_site,false,false,false,false,true,true,No official required courses listed; Same required courses shared by 30 majors in this school
Johns Hopkins University,Statistics,high_risk,true,official_site,false,false,false,false,true,true,No official required courses listed; Same required courses shared by 30 majors in this school
Johns Hopkins University,Public Health,high_risk,true,official_site,false,false,false,false,true,true,No official required courses listed; Same required courses shared by 30 majors in this school
Johns Hopkins University,Nursing,high_risk,true,official_site,false,false,false,false,true,true,No official required courses listed; Same required courses shared by 30 majors in this school
Johns Hopkins University,International Relations,high_risk,true,official_site,false,false,false,false,true,true,No official required courses listed; Same required courses shared by 30 majors in this school
Johns Hopkins University,Philosophy,high_risk,true,official_site,false,false,false,false,true,true,No official required courses listed; Same required courses shared by 30 majors in this school
California Institute of Technology,Computer Science,needs_source_check,true,official_site,false,false,false,false,true,true,Same required courses shared by 3 majors in this school
California Institute of Technology,Computer Engineering,high_risk,true,official_site,false,false,false,false,true,true,No official required courses listed; Same required courses shared by 15 majors in this school
California Institute of Technology,Data Science,high_risk,true,official_site,false,false,false,false,true,true,No official required courses listed; Same required courses shared by 15 majors in this school
California Institute of Technology,Electrical Engineering,needs_source_check,true,official_site,false,false,false,false,true,true,Same required courses shared by 3 majors in this school
California Institute of Technology,Mechanical Engineering,needs_source_check,true,official_site,false,false,false,false,true,true,Same required courses shared by 3 majors in this school
California Institute of Technology,Chemical Engineering,high_risk,true,official_site,false,false,false,false,true,true,No official required courses listed; Same required courses shared by 15 majors in this school
California Institute of Technology,Civil Engineering,high_risk,true,official_site,false,false,false,false,true,true,No official required courses listed; Same required courses shared by 15 majors in this school
California Institute of Technology,Biomedical Engineering,high_risk,true,official_site,false,false,false,false,true,true,No official required courses listed; Same required courses shared by 15 majors in this school
California Institute of Technology,Aerospace Engineering,high_risk,true,official_site,false,false,false,false,true,true,No official required courses listed; Same required courses shared by 15 majors in this school
California Institute of Technology,Industrial Engineering,high_risk,true,official_site,false,false,false,false,true,true,No official required courses listed; Same required courses shared by 15 majors in this school
California Institute of Technology,Materials Science & Engineering,high_risk,true,official_site,false,false,false,false,true,true,No official required courses listed; Same required courses shared by 15 majors in this school
California Institute of Technology,Environmental Engineering,high_risk,true,official_site,false,false,false,false,true,true,No official required courses listed; Same required courses shared by 15 majors in this school
California Institute of Technology,Applied Mathematics,high_risk,true,official_site,false,false,false,false,true,true,No official required courses listed; Same required courses shared by 15 majors in this school
California Institute of Technology,Physics,high_risk,true,official_site,false,false,false,false,true,true,No official required courses listed; Same required courses shared by 15 majors in this school
California Institute of Technology,Chemistry,high_risk,true,official_site,false,false,false,false,true,true,No official required courses listed; Same required courses shared by 15 majors in this school
California Institute of Technology,Business Administration,high_risk,true,official_site,false,false,false,false,true,true,No official required courses listed; Same required courses shared by 15 majors in this school
California Institute of Technology,Economics,high_risk,true,official_site,false,false,false,false,true,true,No official required courses listed; Same required courses shared by 15 majors in this school
California Institute of Technology,Technical Communication,high_risk,true,official_site,false,false,false,false,true,true,No official required courses listed; Same required courses shared by 15 majors in this school
Duke University,Computer Science,high_risk,true,official_site,false,false,false,false,true,true,No official required courses listed; Same required courses shared by 32 majors in this school
Duke University,Data Science,high_risk,true,official_site,false,false,false,false,true,true,No official required courses listed; Same required courses shared by 32 majors in this school
Duke University,Information Technology,high_risk,true,official_site,false,false,false,false,true,true,No official required courses listed; Same required courses shared by 32 majors in this school
Duke University,Computer Engineering,high_risk,true,official_site,false,false,false,false,true,true,No official required courses listed; Same required courses shared by 32 majors in this school
Duke University,Electrical Engineering,high_risk,true,official_site,false,false,false,false,true,true,No official required courses listed; Same required courses shared by 32 majors in this school
Duke University,Mechanical Engineering,needs_source_check,true,official_site,true,false,false,false,false,true,Mixed recommendations in required courses; Required courses contain recommendation keywords
Duke University,Civil Engineering,high_risk,true,official_site,false,false,false,false,true,true,No official required courses listed; Same required courses shared by 32 majors in this school
Duke University,Chemical Engineering,high_risk,true,official_site,false,false,false,false,true,true,No official required courses listed; Same required courses shared by 32 majors in this school
Duke University,Biomedical Engineering,high_risk,true,official_site,false,false,false,false,true,true,No official required courses listed; Same required courses shared by 32 majors in this school
Duke University,Industrial Engineering,high_risk,true,official_site,false,false,false,false,true,true,No official required courses listed; Same required courses shared by 32 majors in this school
Duke University,Aerospace Engineering,high_risk,true,official_site,false,false,false,false,true,true,No official required courses listed; Same required courses shared by 32 majors in this school
Duke University,Business Administration,high_risk,true,official_site,false,false,false,false,true,true,No official required courses listed; Same required courses shared by 32 majors in this school
Duke University,Finance,high_risk,true,official_site,false,false,false,false,true,true,No official required courses listed; Same required courses shared by 32 majors in this school
Duke University,Accounting,high_risk,true,official_site,false,false,false,false,true,true,No official required courses listed; Same required courses shared by 32 majors in this school
Duke University,Marketing,high_risk,true,official_site,false,false,false,false,true,true,No official required courses listed; Same required courses shared by 32 majors in this school
Duke University,Management,high_risk,true,official_site,false,false,false,false,true,true,No official required courses listed; Same required courses shared by 32 majors in this school
Duke University,Economics,high_risk,true,official_site,false,false,false,false,true,true,No official required courses listed; Same required courses shared by 32 majors in this school
Duke University,Psychology,high_risk,true,official_site,false,false,false,false,true,true,No official required courses listed; Same required courses shared by 32 majors in this school
Duke University,Political Science,high_risk,true,official_site,false,false,false,false,true,true,No official required courses listed; Same required courses shared by 32 majors in this school
Duke University,Sociology,high_risk,true,official_site,false,false,false,false,true,true,No official required courses listed; Same required courses shared by 32 majors in this school
Duke University,History,high_risk,true,official_site,false,false,false,false,true,true,No official required courses listed; Same required courses shared by 32 majors in this school
Duke University,English,high_risk,true,official_site,false,false,false,false,true,true,No official required courses listed; Same required courses shared by 32 majors in this school
Duke University,Communications,high_risk,true,official_site,false,false,false,false,true,true,No official required courses listed; Same required courses shared by 32 majors in this school
Duke University,Biology,high_risk,true,official_site,false,false,false,false,true,true,No official required courses listed; Same required courses shared by 32 majors in this school
Duke University,Biochemistry,high_risk,true,official_site,false,false,false,false,true,true,No official required courses listed; Same required courses shared by 32 majors in this school
Duke University,Chemistry,high_risk,true,official_site,false,false,false,false,true,true,No official required courses listed; Same required courses shared by 32 majors in this school
Duke University,Physics,high_risk,true,official_site,false,false,false,false,true,true,No official required courses listed; Same required courses shared by 32 majors in this school
Duke University,Mathematics,high_risk,true,official_site,false,false,false,false,true,true,No official required courses listed; Same required courses shared by 32 majors in this school
Duke University,Statistics,high_risk,true,official_site,false,false,false,false,true,true,No official required courses listed; Same required courses shared by 32 majors in this school
Duke University,Public Health,high_risk,true,official_site,false,false,false,false,true,true,No official required courses listed; Same required courses shared by 32 majors in this school
Duke University,Nursing,high_risk,true,official_site,false,false,false,false,true,true,No official required courses listed; Same required courses shared by 32 majors in this school
Duke University,International Relations,high_risk,true,official_site,false,false,false,false,true,true,No official required courses listed; Same required courses shared by 32 majors in this school
Duke University,Philosophy,high_risk,true,official_site,false,false,false,false,true,true,No official required courses listed; Same required courses shared by 32 majors in this school
Duke University,Electrical and Computer Engineering,needs_source_check,true,official_site,true,false,false,false,false,true,Mixed recommendations in required courses; Required courses contain recommendation keywords
Rice University,Computer Science,needs_source_check,true,official_site,false,false,false,false,true,true,Same required courses shared by 3 majors in this school
Rice University,Data Science,high_risk,true,official_site,false,false,false,false,true,true,No official required courses listed; Same required courses shared by 30 majors in this school
Rice University,Information Technology,high_risk,true,official_site,false,false,false,false,true,true,No official required courses listed; Same required courses shared by 30 majors in this school
Rice University,Computer Engineering,high_risk,true,official_site,false,false,false,false,true,true,No official required courses listed; Same required courses shared by 30 majors in this school
Rice University,Electrical Engineering,needs_source_check,true,official_site,false,false,false,false,true,true,Same required courses shared by 3 majors in this school
Rice University,Mechanical Engineering,needs_source_check,true,official_site,false,false,false,false,true,true,Same required courses shared by 3 majors in this school
Rice University,Civil Engineering,high_risk,true,official_site,false,false,false,false,true,true,No official required courses listed; Same required courses shared by 30 majors in this school
Rice University,Chemical Engineering,high_risk,true,official_site,false,false,false,false,true,true,No official required courses listed; Same required courses shared by 30 majors in this school
Rice University,Biomedical Engineering,high_risk,true,official_site,false,false,false,false,true,true,No official required courses listed; Same required courses shared by 30 majors in this school
Rice University,Industrial Engineering,high_risk,true,official_site,false,false,false,false,true,true,No official required courses listed; Same required courses shared by 30 majors in this school
Rice University,Aerospace Engineering,high_risk,true,official_site,false,false,false,false,true,true,No official required courses listed; Same required courses shared by 30 majors in this school
Rice University,Business Administration,high_risk,true,official_site,false,false,false,false,true,true,No official required courses listed; Same required courses shared by 30 majors in this school
Rice University,Finance,high_risk,true,official_site,false,false,false,false,true,true,No official required courses listed; Same required courses shared by 30 majors in this school
Rice University,Accounting,high_risk,true,official_site,false,false,false,false,true,true,No official required courses listed; Same required courses shared by 30 majors in this school
Rice University,Marketing,high_risk,true,official_site,false,false,false,false,true,true,No official required courses listed; Same required courses shared by 30 majors in this school
Rice University,Management,high_risk,true,official_site,false,false,false,false,true,true,No official required courses listed; Same required courses shared by 30 majors in this school
Rice University,Economics,high_risk,true,official_site,false,false,false,false,true,true,No official required courses listed; Same required courses shared by 30 majors in this school
Rice University,Psychology,high_risk,true,official_site,false,false,false,false,true,true,No official required courses listed; Same required courses shared by 30 majors in this school
Rice University,Political Science,high_risk,true,official_site,false,false,false,false,true,true,No official required courses listed; Same required courses shared by 30 majors in this school
Rice University,Sociology,high_risk,true,official_site,false,false,false,false,true,true,No official required courses listed; Same required courses shared by 30 majors in this school
Rice University,History,high_risk,true,official_site,false,false,false,false,true,true,No official required courses listed; Same required courses shared by 30 majors in this school
Rice University,English,high_risk,true,official_site,false,false,false,false,true,true,No official required courses listed; Same required courses shared by 30 majors in this school
Rice University,Communications,high_risk,true,official_site,false,false,false,false,true,true,No official required courses listed; Same required courses shared by 30 majors in this school
Rice University,Biology,high_risk,true,official_site,false,false,false,false,true,true,No official required courses listed; Same required courses shared by 30 majors in this school
Rice University,Biochemistry,high_risk,true,official_site,false,false,false,false,true,true,No official required courses listed; Same required courses shared by 30 majors in this school
Rice University,Chemistry,high_risk,true,official_site,false,false,false,false,true,true,No official required courses listed; Same required courses shared by 30 majors in this school
Rice University,Physics,high_risk,true,official_site,false,false,false,false,true,true,No official required courses listed; Same required courses shared by 30 majors in this school
Rice University,Mathematics,high_risk,true,official_site,false,false,false,false,true,true,No official required courses listed; Same required courses shared by 30 majors in this school
Rice University,Statistics,high_risk,true,official_site,false,false,false,false,true,true,No official required courses listed; Same required courses shared by 30 majors in this school
Rice University,Public Health,high_risk,true,official_site,false,false,false,false,true,true,No official required courses listed; Same required courses shared by 30 majors in this school
Rice University,Nursing,high_risk,true,official_site,false,false,false,false,true,true,No official required courses listed; Same required courses shared by 30 majors in this school
Rice University,International Relations,high_risk,true,official_site,false,false,false,false,true,true,No official required courses listed; Same required courses shared by 30 majors in this school
Rice University,Philosophy,high_risk,true,official_site,false,false,false,false,true,true,No official required courses listed; Same required courses shared by 30 majors in this school
Stevens Institute of Technology,Computer Science,verified,true,official_site,false,false,false,false,false,false,None
Stevens Institute of Technology,Computer Engineering,high_risk,true,official_site,false,false,false,false,true,true,No official required courses listed; Same required courses shared by 15 majors in this school
Stevens Institute of Technology,Data Science,high_risk,true,official_site,false,false,false,false,true,true,No official required courses listed; Same required courses shared by 15 majors in this school
Stevens Institute of Technology,Electrical Engineering,verified,true,official_site,false,false,false,false,false,false,None
Stevens Institute of Technology,Mechanical Engineering,verified,true,official_site,false,false,false,false,false,false,None
Stevens Institute of Technology,Chemical Engineering,high_risk,true,official_site,false,false,false,false,true,true,No official required courses listed; Same required courses shared by 15 majors in this school
Stevens Institute of Technology,Civil Engineering,high_risk,true,official_site,false,false,false,false,true,true,No official required courses listed; Same required courses shared by 15 majors in this school
Stevens Institute of Technology,Biomedical Engineering,high_risk,true,official_site,false,false,false,false,true,true,No official required courses listed; Same required courses shared by 15 majors in this school
Stevens Institute of Technology,Aerospace Engineering,high_risk,true,official_site,false,false,false,false,true,true,No official required courses listed; Same required courses shared by 15 majors in this school
Stevens Institute of Technology,Industrial Engineering,high_risk,true,official_site,false,false,false,false,true,true,No official required courses listed; Same required courses shared by 15 majors in this school
Stevens Institute of Technology,Materials Science & Engineering,high_risk,true,official_site,false,false,false,false,true,true,No official required courses listed; Same required courses shared by 15 majors in this school
Stevens Institute of Technology,Environmental Engineering,high_risk,true,official_site,false,false,false,false,true,true,No official required courses listed; Same required courses shared by 15 majors in this school
Stevens Institute of Technology,Applied Mathematics,high_risk,true,official_site,false,false,false,false,true,true,No official required courses listed; Same required courses shared by 15 majors in this school
Stevens Institute of Technology,Physics,high_risk,true,official_site,false,false,false,false,true,true,No official required courses listed; Same required courses shared by 15 majors in this school
Stevens Institute of Technology,Chemistry,high_risk,true,official_site,false,false,false,false,true,true,No official required courses listed; Same required courses shared by 15 majors in this school
Stevens Institute of Technology,Business Administration,high_risk,true,official_site,false,false,false,false,true,true,No official required courses listed; Same required courses shared by 15 majors in this school
Stevens Institute of Technology,Economics,high_risk,true,official_site,false,false,false,false,true,true,No official required courses listed; Same required courses shared by 15 majors in this school
Stevens Institute of Technology,Technical Communication,high_risk,true,official_site,false,false,false,false,true,true,No official required courses listed; Same required courses shared by 15 majors in this school
Worcester Polytechnic Institute,Computer Science,needs_source_check,true,official_site,true,false,false,false,false,true,Mixed recommendations in required courses; Required courses contain recommendation keywords
Worcester Polytechnic Institute,Computer Engineering,high_risk,true,official_site,false,false,false,false,true,true,No official required courses listed; Same required courses shared by 15 majors in this school
Worcester Polytechnic Institute,Data Science,high_risk,true,official_site,false,false,false,false,true,true,No official required courses listed; Same required courses shared by 15 majors in this school
Worcester Polytechnic Institute,Electrical Engineering,verified,true,official_site,false,false,false,false,false,false,None
Worcester Polytechnic Institute,Mechanical Engineering,verified,true,official_site,false,false,false,false,false,false,None
Worcester Polytechnic Institute,Chemical Engineering,high_risk,true,official_site,false,false,false,false,true,true,No official required courses listed; Same required courses shared by 15 majors in this school
Worcester Polytechnic Institute,Civil Engineering,high_risk,true,official_site,false,false,false,false,true,true,No official required courses listed; Same required courses shared by 15 majors in this school
Worcester Polytechnic Institute,Biomedical Engineering,high_risk,true,official_site,false,false,false,false,true,true,No official required courses listed; Same required courses shared by 15 majors in this school
Worcester Polytechnic Institute,Aerospace Engineering,high_risk,true,official_site,false,false,false,false,true,true,No official required courses listed; Same required courses shared by 15 majors in this school
Worcester Polytechnic Institute,Industrial Engineering,high_risk,true,official_site,false,false,false,false,true,true,No official required courses listed; Same required courses shared by 15 majors in this school
Worcester Polytechnic Institute,Materials Science & Engineering,high_risk,true,official_site,false,false,false,false,true,true,No official required courses listed; Same required courses shared by 15 majors in this school
Worcester Polytechnic Institute,Environmental Engineering,high_risk,true,official_site,false,false,false,false,true,true,No official required courses listed; Same required courses shared by 15 majors in this school
Worcester Polytechnic Institute,Applied Mathematics,high_risk,true,official_site,false,false,false,false,true,true,No official required courses listed; Same required courses shared by 15 majors in this school
Worcester Polytechnic Institute,Physics,high_risk,true,official_site,false,false,false,false,true,true,No official required courses listed; Same required courses shared by 15 majors in this school
Worcester Polytechnic Institute,Chemistry,high_risk,true,official_site,false,false,false,false,true,true,No official required courses listed; Same required courses shared by 15 majors in this school
Worcester Polytechnic Institute,Business Administration,high_risk,true,official_site,false,false,false,false,true,true,No official required courses listed; Same required courses shared by 15 majors in this school
Worcester Polytechnic Institute,Economics,high_risk,true,official_site,false,false,false,false,true,true,No official required courses listed; Same required courses shared by 15 majors in this school
Worcester Polytechnic Institute,Technical Communication,high_risk,true,official_site,false,false,false,false,true,true,No official required courses listed; Same required courses shared by 15 majors in this school
Rensselaer Polytechnic Institute,Computer Science,needs_source_check,true,official_site,true,false,false,false,false,true,Mixed recommendations in required courses; Required courses contain recommendation keywords
Rensselaer Polytechnic Institute,Computer Engineering,high_risk,true,official_site,false,false,false,false,true,true,No official required courses listed; Same required courses shared by 15 majors in this school
Rensselaer Polytechnic Institute,Data Science,high_risk,true,official_site,false,false,false,false,true,true,No official required courses listed; Same required courses shared by 15 majors in this school
Rensselaer Polytechnic Institute,Electrical Engineering,needs_source_check,true,official_site,true,false,false,false,false,true,Mixed recommendations in required courses; Required courses contain recommendation keywords
Rensselaer Polytechnic Institute,Mechanical Engineering,needs_source_check,true,official_site,true,false,false,false,false,true,Mixed recommendations in required courses; Required courses contain recommendation keywords
Rensselaer Polytechnic Institute,Chemical Engineering,high_risk,true,official_site,false,false,false,false,true,true,No official required courses listed; Same required courses shared by 15 majors in this school
Rensselaer Polytechnic Institute,Civil Engineering,high_risk,true,official_site,false,false,false,false,true,true,No official required courses listed; Same required courses shared by 15 majors in this school
Rensselaer Polytechnic Institute,Biomedical Engineering,high_risk,true,official_site,false,false,false,false,true,true,No official required courses listed; Same required courses shared by 15 majors in this school
Rensselaer Polytechnic Institute,Aerospace Engineering,high_risk,true,official_site,false,false,false,false,true,true,No official required courses listed; Same required courses shared by 15 majors in this school
Rensselaer Polytechnic Institute,Industrial Engineering,high_risk,true,official_site,false,false,false,false,true,true,No official required courses listed; Same required courses shared by 15 majors in this school
Rensselaer Polytechnic Institute,Materials Science & Engineering,high_risk,true,official_site,false,false,false,false,true,true,No official required courses listed; Same required courses shared by 15 majors in this school
Rensselaer Polytechnic Institute,Environmental Engineering,high_risk,true,official_site,false,false,false,false,true,true,No official required courses listed; Same required courses shared by 15 majors in this school
Rensselaer Polytechnic Institute,Applied Mathematics,high_risk,true,official_site,false,false,false,false,true,true,No official required courses listed; Same required courses shared by 15 majors in this school
Rensselaer Polytechnic Institute,Physics,high_risk,true,official_site,false,false,false,false,true,true,No official required courses listed; Same required courses shared by 15 majors in this school
Rensselaer Polytechnic Institute,Chemistry,high_risk,true,official_site,false,false,false,false,true,true,No official required courses listed; Same required courses shared by 15 majors in this school
Rensselaer Polytechnic Institute,Business Administration,high_risk,true,official_site,false,false,false,false,true,true,No official required courses listed; Same required courses shared by 15 majors in this school
Rensselaer Polytechnic Institute,Economics,high_risk,true,official_site,false,false,false,false,true,true,No official required courses listed; Same required courses shared by 15 majors in this school
Rensselaer Polytechnic Institute,Technical Communication,high_risk,true,official_site,false,false,false,false,true,true,No official required courses listed; Same required courses shared by 15 majors in this school
Michigan State University,Computer Science,verified,true,official_site,false,false,false,false,false,false,None
Michigan State University,Data Science,high_risk,true,official_site,false,false,false,false,true,true,No official required courses listed; Same required courses shared by 30 majors in this school
Michigan State University,Information Technology,high_risk,true,official_site,false,false,false,false,true,true,No official required courses listed; Same required courses shared by 30 majors in this school
Michigan State University,Computer Engineering,high_risk,true,official_site,false,false,false,false,true,true,No official required courses listed; Same required courses shared by 30 majors in this school
Michigan State University,Electrical Engineering,verified,true,official_site,false,false,false,false,false,false,None
Michigan State University,Mechanical Engineering,verified,true,official_site,false,false,false,false,false,false,None
Michigan State University,Civil Engineering,high_risk,true,official_site,false,false,false,false,true,true,No official required courses listed; Same required courses shared by 30 majors in this school
Michigan State University,Chemical Engineering,high_risk,true,official_site,false,false,false,false,true,true,No official required courses listed; Same required courses shared by 30 majors in this school
Michigan State University,Biomedical Engineering,high_risk,true,official_site,false,false,false,false,true,true,No official required courses listed; Same required courses shared by 30 majors in this school
Michigan State University,Industrial Engineering,high_risk,true,official_site,false,false,false,false,true,true,No official required courses listed; Same required courses shared by 30 majors in this school
Michigan State University,Aerospace Engineering,high_risk,true,official_site,false,false,false,false,true,true,No official required courses listed; Same required courses shared by 30 majors in this school
Michigan State University,Business Administration,high_risk,true,official_site,false,false,false,false,true,true,No official required courses listed; Same required courses shared by 30 majors in this school
Michigan State University,Finance,high_risk,true,official_site,false,false,false,false,true,true,No official required courses listed; Same required courses shared by 30 majors in this school
Michigan State University,Accounting,high_risk,true,official_site,false,false,false,false,true,true,No official required courses listed; Same required courses shared by 30 majors in this school
Michigan State University,Marketing,high_risk,true,official_site,false,false,false,false,true,true,No official required courses listed; Same required courses shared by 30 majors in this school
Michigan State University,Management,high_risk,true,official_site,false,false,false,false,true,true,No official required courses listed; Same required courses shared by 30 majors in this school
Michigan State University,Economics,high_risk,true,official_site,false,false,false,false,true,true,No official required courses listed; Same required courses shared by 30 majors in this school
Michigan State University,Psychology,high_risk,true,official_site,false,false,false,false,true,true,No official required courses listed; Same required courses shared by 30 majors in this school
Michigan State University,Political Science,high_risk,true,official_site,false,false,false,false,true,true,No official required courses listed; Same required courses shared by 30 majors in this school
Michigan State University,Sociology,high_risk,true,official_site,false,false,false,false,true,true,No official required courses listed; Same required courses shared by 30 majors in this school
Michigan State University,History,high_risk,true,official_site,false,false,false,false,true,true,No official required courses listed; Same required courses shared by 30 majors in this school
Michigan State University,English,high_risk,true,official_site,false,false,false,false,true,true,No official required courses listed; Same required courses shared by 30 majors in this school
Michigan State University,Communications,high_risk,true,official_site,false,false,false,false,true,true,No official required courses listed; Same required courses shared by 30 majors in this school
Michigan State University,Biology,high_risk,true,official_site,false,false,false,false,true,true,No official required courses listed; Same required courses shared by 30 majors in this school
Michigan State University,Biochemistry,high_risk,true,official_site,false,false,false,false,true,true,No official required courses listed; Same required courses shared by 30 majors in this school
Michigan State University,Chemistry,high_risk,true,official_site,false,false,false,false,true,true,No official required courses listed; Same required courses shared by 30 majors in this school
Michigan State University,Physics,high_risk,true,official_site,false,false,false,false,true,true,No official required courses listed; Same required courses shared by 30 majors in this school
Michigan State University,Mathematics,high_risk,true,official_site,false,false,false,false,true,true,No official required courses listed; Same required courses shared by 30 majors in this school
Michigan State University,Statistics,high_risk,true,official_site,false,false,false,false,true,true,No official required courses listed; Same required courses shared by 30 majors in this school
Michigan State University,Public Health,high_risk,true,official_site,false,false,false,false,true,true,No official required courses listed; Same required courses shared by 30 majors in this school
Michigan State University,Nursing,high_risk,true,official_site,false,false,false,false,true,true,No official required courses listed; Same required courses shared by 30 majors in this school
Michigan State University,International Relations,high_risk,true,official_site,false,false,false,false,true,true,No official required courses listed; Same required courses shared by 30 majors in this school
Michigan State University,Philosophy,high_risk,true,official_site,false,false,false,false,true,true,No official required courses listed; Same required courses shared by 30 majors in this school
Boston College,Computer Science,high_risk,true,official_site,false,false,false,false,true,true,No official required courses listed; Same required courses shared by 33 majors in this school
Boston College,Data Science,high_risk,true,official_site,false,false,false,false,true,true,No official required courses listed; Same required courses shared by 33 majors in this school
Boston College,Information Technology,high_risk,true,official_site,false,false,false,false,true,true,No official required courses listed; Same required courses shared by 33 majors in this school
Boston College,Computer Engineering,high_risk,true,official_site,false,false,false,false,true,true,No official required courses listed; Same required courses shared by 33 majors in this school
Boston College,Electrical Engineering,high_risk,true,official_site,false,false,false,false,true,true,No official required courses listed; Same required courses shared by 33 majors in this school
Boston College,Mechanical Engineering,high_risk,true,official_site,false,false,false,false,true,true,No official required courses listed; Same required courses shared by 33 majors in this school
Boston College,Civil Engineering,high_risk,true,official_site,false,false,false,false,true,true,No official required courses listed; Same required courses shared by 33 majors in this school
Boston College,Chemical Engineering,high_risk,true,official_site,false,false,false,false,true,true,No official required courses listed; Same required courses shared by 33 majors in this school
Boston College,Biomedical Engineering,high_risk,true,official_site,false,false,false,false,true,true,No official required courses listed; Same required courses shared by 33 majors in this school
Boston College,Industrial Engineering,high_risk,true,official_site,false,false,false,false,true,true,No official required courses listed; Same required courses shared by 33 majors in this school
Boston College,Aerospace Engineering,high_risk,true,official_site,false,false,false,false,true,true,No official required courses listed; Same required courses shared by 33 majors in this school
Boston College,Business Administration,high_risk,true,official_site,false,false,false,false,true,true,No official required courses listed; Same required courses shared by 33 majors in this school
Boston College,Finance,high_risk,true,official_site,false,false,false,false,true,true,No official required courses listed; Same required courses shared by 33 majors in this school
Boston College,Accounting,high_risk,true,official_site,false,false,false,false,true,true,No official required courses listed; Same required courses shared by 33 majors in this school
Boston College,Marketing,high_risk,true,official_site,false,false,false,false,true,true,No official required courses listed; Same required courses shared by 33 majors in this school
Boston College,Management,high_risk,true,official_site,false,false,false,false,true,true,No official required courses listed; Same required courses shared by 33 majors in this school
Boston College,Economics,high_risk,true,official_site,false,false,false,false,true,true,No official required courses listed; Same required courses shared by 33 majors in this school
Boston College,Psychology,high_risk,true,official_site,false,false,false,false,true,true,No official required courses listed; Same required courses shared by 33 majors in this school
Boston College,Political Science,high_risk,true,official_site,false,false,false,false,true,true,No official required courses listed; Same required courses shared by 33 majors in this school
Boston College,Sociology,high_risk,true,official_site,false,false,false,false,true,true,No official required courses listed; Same required courses shared by 33 majors in this school
Boston College,History,high_risk,true,official_site,false,false,false,false,true,true,No official required courses listed; Same required courses shared by 33 majors in this school
Boston College,English,high_risk,true,official_site,false,false,false,false,true,true,No official required courses listed; Same required courses shared by 33 majors in this school
Boston College,Communications,high_risk,true,official_site,false,false,false,false,true,true,No official required courses listed; Same required courses shared by 33 majors in this school
Boston College,Biology,high_risk,true,official_site,false,false,false,false,true,true,No official required courses listed; Same required courses shared by 33 majors in this school
Boston College,Biochemistry,high_risk,true,official_site,false,false,false,false,true,true,No official required courses listed; Same required courses shared by 33 majors in this school
Boston College,Chemistry,high_risk,true,official_site,false,false,false,false,true,true,No official required courses listed; Same required courses shared by 33 majors in this school
Boston College,Physics,high_risk,true,official_site,false,false,false,false,true,true,No official required courses listed; Same required courses shared by 33 majors in this school
Boston College,Mathematics,high_risk,true,official_site,false,false,false,false,true,true,No official required courses listed; Same required courses shared by 33 majors in this school
Boston College,Statistics,high_risk,true,official_site,false,false,false,false,true,true,No official required courses listed; Same required courses shared by 33 majors in this school
Boston College,Public Health,high_risk,true,official_site,false,false,false,false,true,true,No official required courses listed; Same required courses shared by 33 majors in this school
Boston College,Nursing,high_risk,true,official_site,false,false,false,false,true,true,No official required courses listed; Same required courses shared by 33 majors in this school
Boston College,International Relations,high_risk,true,official_site,false,false,false,false,true,true,No official required courses listed; Same required courses shared by 33 majors in this school
Boston College,Philosophy,high_risk,true,official_site,false,false,false,false,true,true,No official required courses listed; Same required courses shared by 33 majors in this school
Boston College,Human-Centered Engineering,needs_source_check,true,official_site,false,false,false,false,false,true,"Note does not state ""Verified"""
University of Rochester,Computer Science,needs_source_check,true,official_site,false,false,false,false,false,true,"Note does not state ""Verified"""
University of Rochester,Data Science,high_risk,true,official_site,false,false,false,false,true,true,No official required courses listed; Same required courses shared by 28 majors in this school
University of Rochester,Information Technology,high_risk,true,official_site,false,false,false,false,true,true,No official required courses listed; Same required courses shared by 28 majors in this school
University of Rochester,Computer Engineering,high_risk,true,official_site,false,false,false,false,true,true,No official required courses listed; Same required courses shared by 28 majors in this school
University of Rochester,Electrical Engineering,high_risk,true,official_site,false,false,false,false,true,true,No official required courses listed; Same required courses shared by 28 majors in this school
University of Rochester,Mechanical Engineering,needs_source_check,true,official_site,false,false,false,false,true,true,Same required courses shared by 9 majors in this school
University of Rochester,Civil Engineering,high_risk,true,official_site,false,false,false,false,true,true,No official required courses listed; Same required courses shared by 28 majors in this school
University of Rochester,Chemical Engineering,needs_source_check,true,official_site,false,false,false,false,true,true,Same required courses shared by 9 majors in this school
University of Rochester,Biomedical Engineering,needs_source_check,true,official_site,false,false,false,false,true,true,Same required courses shared by 9 majors in this school
University of Rochester,Industrial Engineering,high_risk,true,official_site,false,false,false,false,true,true,No official required courses listed; Same required courses shared by 28 majors in this school
University of Rochester,Aerospace Engineering,needs_source_check,true,official_site,false,false,false,false,true,true,Same required courses shared by 9 majors in this school
University of Rochester,Business Administration,high_risk,true,official_site,false,false,false,false,true,true,No official required courses listed; Same required courses shared by 28 majors in this school
University of Rochester,Finance,high_risk,true,official_site,false,false,false,false,true,true,No official required courses listed; Same required courses shared by 28 majors in this school
University of Rochester,Accounting,high_risk,true,official_site,false,false,false,false,true,true,No official required courses listed; Same required courses shared by 28 majors in this school
University of Rochester,Marketing,high_risk,true,official_site,false,false,false,false,true,true,No official required courses listed; Same required courses shared by 28 majors in this school
University of Rochester,Management,high_risk,true,official_site,false,false,false,false,true,true,No official required courses listed; Same required courses shared by 28 majors in this school
University of Rochester,Economics,high_risk,true,official_site,false,false,false,false,true,true,No official required courses listed; Same required courses shared by 28 majors in this school
University of Rochester,Psychology,high_risk,true,official_site,false,false,false,false,true,true,No official required courses listed; Same required courses shared by 28 majors in this school
University of Rochester,Political Science,high_risk,true,official_site,false,false,false,false,true,true,No official required courses listed; Same required courses shared by 28 majors in this school
University of Rochester,Sociology,high_risk,true,official_site,false,false,false,false,true,true,No official required courses listed; Same required courses shared by 28 majors in this school
University of Rochester,History,high_risk,true,official_site,false,false,false,false,true,true,No official required courses listed; Same required courses shared by 28 majors in this school
University of Rochester,English,high_risk,true,official_site,false,false,false,false,true,true,No official required courses listed; Same required courses shared by 28 majors in this school
University of Rochester,Communications,high_risk,true,official_site,false,false,false,false,true,true,No official required courses listed; Same required courses shared by 28 majors in this school
University of Rochester,Biology,high_risk,true,official_site,false,false,false,false,true,true,No official required courses listed; Same required courses shared by 28 majors in this school
University of Rochester,Biochemistry,high_risk,true,official_site,false,false,false,false,true,true,No official required courses listed; Same required courses shared by 28 majors in this school
University of Rochester,Chemistry,high_risk,true,official_site,false,false,false,false,true,true,No official required courses listed; Same required courses shared by 28 majors in this school
University of Rochester,Physics,high_risk,true,official_site,false,false,false,false,true,true,No official required courses listed; Same required courses shared by 28 majors in this school
University of Rochester,Mathematics,high_risk,true,official_site,false,false,false,false,true,true,No official required courses listed; Same required courses shared by 28 majors in this school
University of Rochester,Statistics,high_risk,true,official_site,false,false,false,false,true,true,No official required courses listed; Same required courses shared by 28 majors in this school
University of Rochester,Public Health,high_risk,true,official_site,false,false,false,false,true,true,No official required courses listed; Same required courses shared by 28 majors in this school
University of Rochester,Nursing,high_risk,true,official_site,false,false,false,false,true,true,No official required courses listed; Same required courses shared by 28 majors in this school
University of Rochester,International Relations,high_risk,true,official_site,false,false,false,false,true,true,No official required courses listed; Same required courses shared by 28 majors in this school
University of Rochester,Philosophy,high_risk,true,official_site,false,false,false,false,true,true,No official required courses listed; Same required courses shared by 28 majors in this school
University of Rochester,Audio and Music Engineering,needs_source_check,true,official_site,false,false,false,false,false,true,"Note does not state ""Verified"""
University of Rochester,Electrical and Computer Engineering,needs_source_check,true,official_site,false,false,false,false,false,true,"Note does not state ""Verified"""
University of Rochester,Engineering and Applied Sciences,needs_source_check,true,official_site,false,false,false,false,true,true,Same required courses shared by 9 majors in this school
University of Rochester,Environmental Engineering,needs_source_check,true,official_site,false,false,false,false,true,true,Same required courses shared by 9 majors in this school
University of Rochester,Geomechanics,needs_source_check,true,official_site,false,false,false,false,true,true,Same required courses shared by 9 majors in this school
University of Rochester,Materials Science,needs_source_check,true,official_site,false,false,false,false,true,true,Same required courses shared by 9 majors in this school
University of Rochester,Optical Engineering,needs_source_check,true,official_site,false,false,false,false,true,true,Same required courses shared by 9 majors in this school
"University of Maryland, College Park (UMD)",Computer Science,verified,true,official_site,false,false,false,false,false,false,None
"University of Maryland, College Park (UMD)",Data Science,high_risk,true,official_site,false,false,false,false,true,true,No official required courses listed; Same required courses shared by 28 majors in this school
"University of Maryland, College Park (UMD)",Information Technology,high_risk,true,official_site,false,false,false,false,true,true,No official required courses listed; Same required courses shared by 28 majors in this school
"University of Maryland, College Park (UMD)",Computer Engineering,needs_source_check,true,official_site,false,false,false,false,true,true,Same required courses shared by 8 majors in this school
"University of Maryland, College Park (UMD)",Electrical Engineering,needs_source_check,true,official_site,false,false,false,false,true,true,Same required courses shared by 8 majors in this school
"University of Maryland, College Park (UMD)",Mechanical Engineering,needs_source_check,true,official_site,false,false,false,false,true,true,Same required courses shared by 8 majors in this school
"University of Maryland, College Park (UMD)",Civil Engineering,high_risk,true,official_site,false,false,false,false,true,true,No official required courses listed; Same required courses shared by 28 majors in this school
"University of Maryland, College Park (UMD)",Chemical Engineering,high_risk,true,official_site,false,false,false,false,true,true,No official required courses listed; Same required courses shared by 28 majors in this school
"University of Maryland, College Park (UMD)",Biomedical Engineering,high_risk,true,official_site,false,false,false,false,true,true,No official required courses listed; Same required courses shared by 28 majors in this school
"University of Maryland, College Park (UMD)",Industrial Engineering,high_risk,true,official_site,false,false,false,false,true,true,No official required courses listed; Same required courses shared by 28 majors in this school
"University of Maryland, College Park (UMD)",Aerospace Engineering,needs_source_check,true,official_site,false,false,false,false,true,true,Same required courses shared by 8 majors in this school
"University of Maryland, College Park (UMD)",Business Administration,high_risk,true,official_site,false,false,false,false,true,true,No official required courses listed; Same required courses shared by 28 majors in this school
"University of Maryland, College Park (UMD)",Finance,high_risk,true,official_site,false,false,false,false,true,true,No official required courses listed; Same required courses shared by 28 majors in this school
"University of Maryland, College Park (UMD)",Accounting,high_risk,true,official_site,false,false,false,false,true,true,No official required courses listed; Same required courses shared by 28 majors in this school
"University of Maryland, College Park (UMD)",Marketing,high_risk,true,official_site,false,false,false,false,true,true,No official required courses listed; Same required courses shared by 28 majors in this school
"University of Maryland, College Park (UMD)",Management,high_risk,true,official_site,false,false,false,false,true,true,No official required courses listed; Same required courses shared by 28 majors in this school
"University of Maryland, College Park (UMD)",Economics,high_risk,true,official_site,false,false,false,false,true,true,No official required courses listed; Same required courses shared by 28 majors in this school
"University of Maryland, College Park (UMD)",Psychology,high_risk,true,official_site,false,false,false,false,true,true,No official required courses listed; Same required courses shared by 28 majors in this school
"University of Maryland, College Park (UMD)",Political Science,high_risk,true,official_site,false,false,false,false,true,true,No official required courses listed; Same required courses shared by 28 majors in this school
"University of Maryland, College Park (UMD)",Sociology,high_risk,true,official_site,false,false,false,false,true,true,No official required courses listed; Same required courses shared by 28 majors in this school
"University of Maryland, College Park (UMD)",History,high_risk,true,official_site,false,false,false,false,true,true,No official required courses listed; Same required courses shared by 28 majors in this school
"University of Maryland, College Park (UMD)",English,high_risk,true,official_site,false,false,false,false,true,true,No official required courses listed; Same required courses shared by 28 majors in this school
"University of Maryland, College Park (UMD)",Communications,high_risk,true,official_site,false,false,false,false,true,true,No official required courses listed; Same required courses shared by 28 majors in this school
"University of Maryland, College Park (UMD)",Biology,high_risk,true,official_site,false,false,false,false,true,true,No official required courses listed; Same required courses shared by 28 majors in this school
"University of Maryland, College Park (UMD)",Biochemistry,high_risk,true,official_site,false,false,false,false,true,true,No official required courses listed; Same required courses shared by 28 majors in this school
"University of Maryland, College Park (UMD)",Chemistry,high_risk,true,official_site,false,false,false,false,true,true,No official required courses listed; Same required courses shared by 28 majors in this school
"University of Maryland, College Park (UMD)",Physics,high_risk,true,official_site,false,false,false,false,true,true,No official required courses listed; Same required courses shared by 28 majors in this school
"University of Maryland, College Park (UMD)",Mathematics,high_risk,true,official_site,false,false,false,false,true,true,No official required courses listed; Same required courses shared by 28 majors in this school
"University of Maryland, College Park (UMD)",Statistics,high_risk,true,official_site,false,false,false,false,true,true,No official required courses listed; Same required courses shared by 28 majors in this school
"University of Maryland, College Park (UMD)",Public Health,high_risk,true,official_site,false,false,false,false,true,true,No official required courses listed; Same required courses shared by 28 majors in this school
"University of Maryland, College Park (UMD)",Nursing,high_risk,true,official_site,false,false,false,false,true,true,No official required courses listed; Same required courses shared by 28 majors in this school
"University of Maryland, College Park (UMD)",International Relations,high_risk,true,official_site,false,false,false,false,true,true,No official required courses listed; Same required courses shared by 28 majors in this school
"University of Maryland, College Park (UMD)",Philosophy,high_risk,true,official_site,false,false,false,false,true,true,No official required courses listed; Same required courses shared by 28 majors in this school
"University of Maryland, College Park (UMD)",Bioengineering,needs_source_check,true,official_site,false,false,false,false,false,true,"Note does not state ""Verified"""
"University of Maryland, College Park (UMD)",Chemical and Biomolecular Engineering,needs_source_check,true,official_site,false,false,false,false,true,true,Same required courses shared by 8 majors in this school
"University of Maryland, College Park (UMD)",Civil and Environmental Engineering,needs_source_check,true,official_site,false,false,false,false,true,true,Same required courses shared by 8 majors in this school
"University of Maryland, College Park (UMD)",Fire Protection Engineering,needs_source_check,true,official_site,false,false,false,false,true,true,Same required courses shared by 8 majors in this school
"University of Maryland, College Park (UMD)",Materials Science and Engineering,needs_source_check,true,official_site,false,false,false,false,true,true,Same required courses shared by 8 majors in this school
"University of Minnesota, Twin Cities",Computer Science,needs_source_check,true,official_site,false,false,false,false,false,true,"Note does not state ""Verified"""
"University of Minnesota, Twin Cities",Data Science,high_risk,true,official_site,false,false,false,false,true,true,No official required courses listed; Same required courses shared by 26 majors in this school
"University of Minnesota, Twin Cities",Information Technology,high_risk,true,official_site,false,false,false,false,true,true,No official required courses listed; Same required courses shared by 26 majors in this school
"University of Minnesota, Twin Cities",Computer Engineering,needs_source_check,true,official_site,false,false,false,false,false,true,"Note does not state ""Verified"""
"University of Minnesota, Twin Cities",Electrical Engineering,needs_source_check,true,official_site,false,false,false,false,true,true,Same required courses shared by 5 majors in this school
"University of Minnesota, Twin Cities",Mechanical Engineering,needs_source_check,true,official_site,false,false,false,false,true,true,Same required courses shared by 5 majors in this school
"University of Minnesota, Twin Cities",Civil Engineering,needs_source_check,true,official_site,false,false,false,false,true,true,Same required courses shared by 6 majors in this school
"University of Minnesota, Twin Cities",Chemical Engineering,needs_source_check,true,official_site,false,false,false,false,true,true,Same required courses shared by 6 majors in this school
"University of Minnesota, Twin Cities",Biomedical Engineering,needs_source_check,true,official_site,false,false,false,false,true,true,Same required courses shared by 6 majors in this school
"University of Minnesota, Twin Cities",Industrial Engineering,high_risk,true,official_site,false,false,false,false,true,true,No official required courses listed; Same required courses shared by 26 majors in this school
"University of Minnesota, Twin Cities",Aerospace Engineering,high_risk,true,official_site,false,false,false,false,true,true,No official required courses listed; Same required courses shared by 26 majors in this school
"University of Minnesota, Twin Cities",Business Administration,high_risk,true,official_site,false,false,false,false,true,true,No official required courses listed; Same required courses shared by 26 majors in this school
"University of Minnesota, Twin Cities",Finance,high_risk,true,official_site,false,false,false,false,true,true,No official required courses listed; Same required courses shared by 26 majors in this school
"University of Minnesota, Twin Cities",Accounting,high_risk,true,official_site,false,false,false,false,true,true,No official required courses listed; Same required courses shared by 26 majors in this school
"University of Minnesota, Twin Cities",Marketing,high_risk,true,official_site,false,false,false,false,true,true,No official required courses listed; Same required courses shared by 26 majors in this school
"University of Minnesota, Twin Cities",Management,high_risk,true,official_site,false,false,false,false,true,true,No official required courses listed; Same required courses shared by 26 majors in this school
"University of Minnesota, Twin Cities",Economics,high_risk,true,official_site,false,false,false,false,true,true,No official required courses listed; Same required courses shared by 26 majors in this school
"University of Minnesota, Twin Cities",Psychology,high_risk,true,official_site,false,false,false,false,true,true,No official required courses listed; Same required courses shared by 26 majors in this school
"University of Minnesota, Twin Cities",Political Science,high_risk,true,official_site,false,false,false,false,true,true,No official required courses listed; Same required courses shared by 26 majors in this school
"University of Minnesota, Twin Cities",Sociology,high_risk,true,official_site,false,false,false,false,true,true,No official required courses listed; Same required courses shared by 26 majors in this school
"University of Minnesota, Twin Cities",History,high_risk,true,official_site,false,false,false,false,true,true,No official required courses listed; Same required courses shared by 26 majors in this school
"University of Minnesota, Twin Cities",English,high_risk,true,official_site,false,false,false,false,true,true,No official required courses listed; Same required courses shared by 26 majors in this school
"University of Minnesota, Twin Cities",Communications,high_risk,true,official_site,false,false,false,false,true,true,No official required courses listed; Same required courses shared by 26 majors in this school
"University of Minnesota, Twin Cities",Biology,high_risk,true,official_site,false,false,false,false,true,true,No official required courses listed; Same required courses shared by 26 majors in this school
"University of Minnesota, Twin Cities",Biochemistry,high_risk,true,official_site,false,false,false,false,true,true,No official required courses listed; Same required courses shared by 26 majors in this school
"University of Minnesota, Twin Cities",Chemistry,high_risk,true,official_site,false,false,false,false,true,true,No official required courses listed; Same required courses shared by 26 majors in this school
"University of Minnesota, Twin Cities",Physics,high_risk,true,official_site,false,false,false,false,true,true,No official required courses listed; Same required courses shared by 26 majors in this school
"University of Minnesota, Twin Cities",Mathematics,high_risk,true,official_site,false,false,false,false,true,true,No official required courses listed; Same required courses shared by 26 majors in this school
"University of Minnesota, Twin Cities",Statistics,high_risk,true,official_site,false,false,false,false,true,true,No official required courses listed; Same required courses shared by 26 majors in this school
"University of Minnesota, Twin Cities",Public Health,high_risk,true,official_site,false,false,false,false,true,true,No official required courses listed; Same required courses shared by 26 majors in this school
"University of Minnesota, Twin Cities",Nursing,high_risk,true,official_site,false,false,false,false,true,true,No official required courses listed; Same required courses shared by 26 majors in this school
"University of Minnesota, Twin Cities",International Relations,high_risk,true,official_site,false,false,false,false,true,true,No official required courses listed; Same required courses shared by 26 majors in this school
"University of Minnesota, Twin Cities",Philosophy,high_risk,true,official_site,false,false,false,false,true,true,No official required courses listed; Same required courses shared by 26 majors in this school
"University of Minnesota, Twin Cities",Aerospace Engineering and Mechanics,needs_source_check,true,official_site,false,false,false,false,true,true,Same required courses shared by 5 majors in this school
"University of Minnesota, Twin Cities",Bioproducts and Biosystems Engineering,needs_source_check,true,official_site,false,false,false,false,true,true,Same required courses shared by 5 majors in this school
"University of Minnesota, Twin Cities",Environmental Engineering,needs_source_check,true,official_site,false,false,false,false,true,true,Same required courses shared by 6 majors in this school
"University of Minnesota, Twin Cities",Geoengineering,needs_source_check,true,official_site,false,false,false,false,true,true,Same required courses shared by 6 majors in this school
"University of Minnesota, Twin Cities",Industrial and Systems Engineering,needs_source_check,true,official_site,false,false,false,false,true,true,Same required courses shared by 5 majors in this school
"University of Minnesota, Twin Cities",Materials Science and Engineering,needs_source_check,true,official_site,false,false,false,false,true,true,Same required courses shared by 6 majors in this school
Rutgers University,Computer Science,verified,true,official_site,false,false,false,false,false,false,None
Rutgers University,Data Science,high_risk,true,official_site,false,false,false,false,true,true,No official required courses listed; Same required courses shared by 31 majors in this school
Rutgers University,Information Technology,high_risk,true,official_site,false,false,false,false,true,true,No official required courses listed; Same required courses shared by 31 majors in this school
Rutgers University,Computer Engineering,high_risk,true,official_site,false,false,false,false,true,true,No official required courses listed; Same required courses shared by 31 majors in this school
Rutgers University,Electrical Engineering,high_risk,true,official_site,false,false,false,false,true,true,No official required courses listed; Same required courses shared by 31 majors in this school
Rutgers University,Mechanical Engineering,high_risk,true,official_site,false,false,false,false,true,true,No official required courses listed; Same required courses shared by 31 majors in this school
Rutgers University,Civil Engineering,high_risk,true,official_site,false,false,false,false,true,true,No official required courses listed; Same required courses shared by 31 majors in this school
Rutgers University,Chemical Engineering,high_risk,true,official_site,false,false,false,false,true,true,No official required courses listed; Same required courses shared by 31 majors in this school
Rutgers University,Biomedical Engineering,needs_source_check,true,official_site,false,false,false,false,true,true,Same required courses shared by 8 majors in this school
Rutgers University,Industrial Engineering,high_risk,true,official_site,false,false,false,false,true,true,No official required courses listed; Same required courses shared by 31 majors in this school
Rutgers University,Aerospace Engineering,high_risk,true,official_site,false,false,false,false,true,true,No official required courses listed; Same required courses shared by 31 majors in this school
Rutgers University,Business Administration,high_risk,true,official_site,false,false,false,false,true,true,No official required courses listed; Same required courses shared by 31 majors in this school
Rutgers University,Finance,high_risk,true,official_site,false,false,false,false,true,true,No official required courses listed; Same required courses shared by 31 majors in this school
Rutgers University,Accounting,high_risk,true,official_site,false,false,false,false,true,true,No official required courses listed; Same required courses shared by 31 majors in this school
Rutgers University,Marketing,high_risk,true,official_site,false,false,false,false,true,true,No official required courses listed; Same required courses shared by 31 majors in this school
Rutgers University,Management,high_risk,true,official_site,false,false,false,false,true,true,No official required courses listed; Same required courses shared by 31 majors in this school
Rutgers University,Economics,high_risk,true,official_site,false,false,false,false,true,true,No official required courses listed; Same required courses shared by 31 majors in this school
Rutgers University,Psychology,high_risk,true,official_site,false,false,false,false,true,true,No official required courses listed; Same required courses shared by 31 majors in this school
Rutgers University,Political Science,high_risk,true,official_site,false,false,false,false,true,true,No official required courses listed; Same required courses shared by 31 majors in this school
Rutgers University,Sociology,high_risk,true,official_site,false,false,false,false,true,true,No official required courses listed; Same required courses shared by 31 majors in this school
Rutgers University,History,high_risk,true,official_site,false,false,false,false,true,true,No official required courses listed; Same required courses shared by 31 majors in this school
Rutgers University,English,high_risk,true,official_site,false,false,false,false,true,true,No official required courses listed; Same required courses shared by 31 majors in this school
Rutgers University,Communications,high_risk,true,official_site,false,false,false,false,true,true,No official required courses listed; Same required courses shared by 31 majors in this school
Rutgers University,Biology,high_risk,true,official_site,false,false,false,false,true,true,No official required courses listed; Same required courses shared by 31 majors in this school
Rutgers University,Biochemistry,high_risk,true,official_site,false,false,false,false,true,true,No official required courses listed; Same required courses shared by 31 majors in this school
Rutgers University,Chemistry,high_risk,true,official_site,false,false,false,false,true,true,No official required courses listed; Same required courses shared by 31 majors in this school
Rutgers University,Physics,high_risk,true,official_site,false,false,false,false,true,true,No official required courses listed; Same required courses shared by 31 majors in this school
Rutgers University,Mathematics,high_risk,true,official_site,false,false,false,false,true,true,No official required courses listed; Same required courses shared by 31 majors in this school
Rutgers University,Statistics,high_risk,true,official_site,false,false,false,false,true,true,No official required courses listed; Same required courses shared by 31 majors in this school
Rutgers University,Public Health,high_risk,true,official_site,false,false,false,false,true,true,No official required courses listed; Same required courses shared by 31 majors in this school
Rutgers University,Nursing,high_risk,true,official_site,false,false,false,false,true,true,No official required courses listed; Same required courses shared by 31 majors in this school
Rutgers University,International Relations,high_risk,true,official_site,false,false,false,false,true,true,No official required courses listed; Same required courses shared by 31 majors in this school
Rutgers University,Philosophy,high_risk,true,official_site,false,false,false,false,true,true,No official required courses listed; Same required courses shared by 31 majors in this school
Rutgers University,Chemical and Biochemical Engineering,needs_source_check,true,official_site,false,false,false,false,true,true,Same required courses shared by 8 majors in this school
Rutgers University,Civil and Environmental Engineering,needs_source_check,true,official_site,false,false,false,false,true,true,Same required courses shared by 8 majors in this school
Rutgers University,Electrical and Computer Engineering,needs_source_check,true,official_site,false,false,false,false,true,true,Same required courses shared by 8 majors in this school
Rutgers University,Industrial and Systems Engineering,needs_source_check,true,official_site,false,false,false,false,true,true,Same required courses shared by 8 majors in this school
Rutgers University,Materials Science and Engineering,needs_source_check,true,official_site,false,false,false,false,true,true,Same required courses shared by 8 majors in this school
Rutgers University,Mechanical and Aerospace Engineering,needs_source_check,true,official_site,false,false,false,false,true,true,Same required courses shared by 8 majors in this school
Rutgers University,Applied Sciences in Engineering,needs_source_check,true,official_site,false,false,false,false,true,true,Same required courses shared by 8 majors in this school
University of Colorado Boulder,Computer Science,high_risk,true,official_site,false,false,false,false,true,true,No official required courses listed; Same required courses shared by 33 majors in this school
University of Colorado Boulder,Data Science,high_risk,true,official_site,false,false,false,false,true,true,No official required courses listed; Same required courses shared by 33 majors in this school
University of Colorado Boulder,Information Technology,high_risk,true,official_site,false,false,false,false,true,true,No official required courses listed; Same required courses shared by 33 majors in this school
University of Colorado Boulder,Computer Engineering,high_risk,true,official_site,false,false,false,false,true,true,No official required courses listed; Same required courses shared by 33 majors in this school
University of Colorado Boulder,Electrical Engineering,high_risk,true,official_site,false,false,false,false,true,true,No official required courses listed; Same required courses shared by 33 majors in this school
University of Colorado Boulder,Mechanical Engineering,high_risk,true,official_site,false,false,false,false,true,true,No official required courses listed; Same required courses shared by 33 majors in this school
University of Colorado Boulder,Civil Engineering,high_risk,true,official_site,false,false,false,false,true,true,No official required courses listed; Same required courses shared by 33 majors in this school
University of Colorado Boulder,Chemical Engineering,high_risk,true,official_site,false,false,false,false,true,true,No official required courses listed; Same required courses shared by 33 majors in this school
University of Colorado Boulder,Biomedical Engineering,high_risk,true,official_site,false,false,false,false,true,true,No official required courses listed; Same required courses shared by 33 majors in this school
University of Colorado Boulder,Industrial Engineering,high_risk,true,official_site,false,false,false,false,true,true,No official required courses listed; Same required courses shared by 33 majors in this school
University of Colorado Boulder,Aerospace Engineering,high_risk,true,official_site,false,false,false,false,true,true,No official required courses listed; Same required courses shared by 33 majors in this school
University of Colorado Boulder,Business Administration,high_risk,true,official_site,false,false,false,false,true,true,No official required courses listed; Same required courses shared by 33 majors in this school
University of Colorado Boulder,Finance,high_risk,true,official_site,false,false,false,false,true,true,No official required courses listed; Same required courses shared by 33 majors in this school
University of Colorado Boulder,Accounting,high_risk,true,official_site,false,false,false,false,true,true,No official required courses listed; Same required courses shared by 33 majors in this school
University of Colorado Boulder,Marketing,high_risk,true,official_site,false,false,false,false,true,true,No official required courses listed; Same required courses shared by 33 majors in this school
University of Colorado Boulder,Management,high_risk,true,official_site,false,false,false,false,true,true,No official required courses listed; Same required courses shared by 33 majors in this school
University of Colorado Boulder,Economics,high_risk,true,official_site,false,false,false,false,true,true,No official required courses listed; Same required courses shared by 33 majors in this school
University of Colorado Boulder,Psychology,high_risk,true,official_site,false,false,false,false,true,true,No official required courses listed; Same required courses shared by 33 majors in this school
University of Colorado Boulder,Political Science,high_risk,true,official_site,false,false,false,false,true,true,No official required courses listed; Same required courses shared by 33 majors in this school
University of Colorado Boulder,Sociology,high_risk,true,official_site,false,false,false,false,true,true,No official required courses listed; Same required courses shared by 33 majors in this school
University of Colorado Boulder,History,high_risk,true,official_site,false,false,false,false,true,true,No official required courses listed; Same required courses shared by 33 majors in this school
University of Colorado Boulder,English,high_risk,true,official_site,false,false,false,false,true,true,No official required courses listed; Same required courses shared by 33 majors in this school
University of Colorado Boulder,Communications,high_risk,true,official_site,false,false,false,false,true,true,No official required courses listed; Same required courses shared by 33 majors in this school
University of Colorado Boulder,Biology,high_risk,true,official_site,false,false,false,false,true,true,No official required courses listed; Same required courses shared by 33 majors in this school
University of Colorado Boulder,Biochemistry,high_risk,true,official_site,false,false,false,false,true,true,No official required courses listed; Same required courses shared by 33 majors in this school
University of Colorado Boulder,Chemistry,high_risk,true,official_site,false,false,false,false,true,true,No official required courses listed; Same required courses shared by 33 majors in this school
University of Colorado Boulder,Physics,high_risk,true,official_site,false,false,false,false,true,true,No official required courses listed; Same required courses shared by 33 majors in this school
University of Colorado Boulder,Mathematics,high_risk,true,official_site,false,false,false,false,true,true,No official required courses listed; Same required courses shared by 33 majors in this school
University of Colorado Boulder,Statistics,high_risk,true,official_site,false,false,false,false,true,true,No official required courses listed; Same required courses shared by 33 majors in this school
University of Colorado Boulder,Public Health,high_risk,true,official_site,false,false,false,false,true,true,No official required courses listed; Same required courses shared by 33 majors in this school
University of Colorado Boulder,Nursing,high_risk,true,official_site,false,false,false,false,true,true,No official required courses listed; Same required courses shared by 33 majors in this school
University of Colorado Boulder,International Relations,high_risk,true,official_site,false,false,false,false,true,true,No official required courses listed; Same required courses shared by 33 majors in this school
University of Colorado Boulder,Philosophy,high_risk,true,official_site,false,false,false,false,true,true,No official required courses listed; Same required courses shared by 33 majors in this school
University of Colorado Boulder,Aerospace Engineering Sciences (B.S.),needs_source_check,true,official_site,false,false,false,false,true,true,Same required courses shared by 6 majors in this school
University of Colorado Boulder,Biomedical Engineering (B.S.),needs_source_check,true,official_site,false,false,false,false,true,true,Same required courses shared by 6 majors in this school
University of Colorado Boulder,Chemical Engineering (B.S.) / Biological Engineering (B.S.),needs_source_check,true,official_site,false,false,false,false,false,true,"Note does not state ""Verified"""
University of Colorado Boulder,Civil Engineering (B.S.) / Architectural Engineering (B.S.),needs_source_check,true,official_site,false,false,false,false,true,true,Same required courses shared by 6 majors in this school
University of Colorado Boulder,Computer Science (B.S.),needs_source_check,true,official_site,false,false,false,false,true,true,Same required courses shared by 6 majors in this school
University of Colorado Boulder,Computer Science (B.A.),needs_source_check,true,official_site,true,false,false,false,false,true,Mixed recommendations in required courses; Required courses contain recommendation keywords
University of Colorado Boulder,Electrical Engineering (B.S.) / Electrical & Computer Engineering (B.S.),needs_source_check,true,official_site,false,false,false,false,true,true,Same required courses shared by 6 majors in this school
University of Colorado Boulder,Environmental Engineering (B.S.),needs_source_check,true,official_site,false,false,false,false,false,true,"Note does not state ""Verified"""
University of Colorado Boulder,Mechanical Engineering (B.S.),needs_source_check,true,official_site,false,false,false,false,true,true,Same required courses shared by 6 majors in this school
USC (University of Southern California),Computer Science,high_risk,true,official_site,false,false,false,false,true,true,No official required courses listed; Same required courses shared by 33 majors in this school
USC (University of Southern California),Data Science,high_risk,true,official_site,false,false,false,false,true,true,No official required courses listed; Same required courses shared by 33 majors in this school
USC (University of Southern California),Information Technology,high_risk,true,official_site,false,false,false,false,true,true,No official required courses listed; Same required courses shared by 33 majors in this school
USC (University of Southern California),Computer Engineering,high_risk,true,official_site,false,false,false,false,true,true,No official required courses listed; Same required courses shared by 33 majors in this school
USC (University of Southern California),Electrical Engineering,high_risk,true,official_site,false,false,false,false,true,true,No official required courses listed; Same required courses shared by 33 majors in this school
USC (University of Southern California),Mechanical Engineering,high_risk,true,official_site,false,false,false,false,true,true,No official required courses listed; Same required courses shared by 33 majors in this school
USC (University of Southern California),Civil Engineering,high_risk,true,official_site,false,false,false,false,true,true,No official required courses listed; Same required courses shared by 33 majors in this school
USC (University of Southern California),Chemical Engineering,high_risk,true,official_site,false,false,false,false,true,true,No official required courses listed; Same required courses shared by 33 majors in this school
USC (University of Southern California),Biomedical Engineering,high_risk,true,official_site,false,false,false,false,true,true,No official required courses listed; Same required courses shared by 33 majors in this school
USC (University of Southern California),Industrial Engineering,high_risk,true,official_site,false,false,false,false,true,true,No official required courses listed; Same required courses shared by 33 majors in this school
USC (University of Southern California),Aerospace Engineering,high_risk,true,official_site,false,false,false,false,true,true,No official required courses listed; Same required courses shared by 33 majors in this school
USC (University of Southern California),Business Administration,high_risk,true,official_site,false,false,false,false,true,true,No official required courses listed; Same required courses shared by 33 majors in this school
USC (University of Southern California),Finance,high_risk,true,official_site,false,false,false,false,true,true,No official required courses listed; Same required courses shared by 33 majors in this school
USC (University of Southern California),Accounting,high_risk,true,official_site,false,false,false,false,true,true,No official required courses listed; Same required courses shared by 33 majors in this school
USC (University of Southern California),Marketing,high_risk,true,official_site,false,false,false,false,true,true,No official required courses listed; Same required courses shared by 33 majors in this school
USC (University of Southern California),Management,high_risk,true,official_site,false,false,false,false,true,true,No official required courses listed; Same required courses shared by 33 majors in this school
USC (University of Southern California),Economics,high_risk,true,official_site,false,false,false,false,true,true,No official required courses listed; Same required courses shared by 33 majors in this school
USC (University of Southern California),Psychology,high_risk,true,official_site,false,false,false,false,true,true,No official required courses listed; Same required courses shared by 33 majors in this school
USC (University of Southern California),Political Science,high_risk,true,official_site,false,false,false,false,true,true,No official required courses listed; Same required courses shared by 33 majors in this school
USC (University of Southern California),Sociology,high_risk,true,official_site,false,false,false,false,true,true,No official required courses listed; Same required courses shared by 33 majors in this school
USC (University of Southern California),History,high_risk,true,official_site,false,false,false,false,true,true,No official required courses listed; Same required courses shared by 33 majors in this school
USC (University of Southern California),English,high_risk,true,official_site,false,false,false,false,true,true,No official required courses listed; Same required courses shared by 33 majors in this school
USC (University of Southern California),Communications,high_risk,true,official_site,false,false,false,false,true,true,No official required courses listed; Same required courses shared by 33 majors in this school
USC (University of Southern California),Biology,high_risk,true,official_site,false,false,false,false,true,true,No official required courses listed; Same required courses shared by 33 majors in this school
USC (University of Southern California),Biochemistry,high_risk,true,official_site,false,false,false,false,true,true,No official required courses listed; Same required courses shared by 33 majors in this school
USC (University of Southern California),Chemistry,high_risk,true,official_site,false,false,false,false,true,true,No official required courses listed; Same required courses shared by 33 majors in this school
USC (University of Southern California),Physics,high_risk,true,official_site,false,false,false,false,true,true,No official required courses listed; Same required courses shared by 33 majors in this school
USC (University of Southern California),Mathematics,high_risk,true,official_site,false,false,false,false,true,true,No official required courses listed; Same required courses shared by 33 majors in this school
USC (University of Southern California),Statistics,high_risk,true,official_site,false,false,false,false,true,true,No official required courses listed; Same required courses shared by 33 majors in this school
USC (University of Southern California),Public Health,high_risk,true,official_site,false,false,false,false,true,true,No official required courses listed; Same required courses shared by 33 majors in this school
USC (University of Southern California),Nursing,high_risk,true,official_site,false,false,false,false,true,true,No official required courses listed; Same required courses shared by 33 majors in this school
USC (University of Southern California),International Relations,high_risk,true,official_site,false,false,false,false,true,true,No official required courses listed; Same required courses shared by 33 majors in this school
USC (University of Southern California),Philosophy,high_risk,true,official_site,false,false,false,false,true,true,No official required courses listed; Same required courses shared by 33 majors in this school
USC (University of Southern California),Biomedical Engineering / Chemical Engineering,needs_source_check,true,official_site,false,false,false,false,false,true,"Note does not state ""Verified"""
USC (University of Southern California),Computer Science / Computer Engineering and Computer Science / CS (Games) / CS & Business Administration,needs_source_check,true,official_site,false,false,false,false,false,true,"Note does not state ""Verified"""
USC (University of Southern California),Electrical & Computer Engineering / Aerospace Engineering / Mechanical Engineering / Astronautical Engineering,needs_source_check,true,official_site,false,false,false,false,false,true,"Note does not state ""Verified"""
USC (University of Southern California),Civil Engineering / Environmental Engineering / Artificial Intelligence (B.S.),needs_source_check,true,official_site,false,false,false,false,false,true,"Note does not state ""Verified"""
Northeastern University,Computer Science,high_risk,true,official_site,false,false,false,false,true,true,No official required courses listed; Same required courses shared by 33 majors in this school
Northeastern University,Data Science,high_risk,true,official_site,false,false,false,false,true,true,No official required courses listed; Same required courses shared by 33 majors in this school
Northeastern University,Information Technology,high_risk,true,official_site,false,false,false,false,true,true,No official required courses listed; Same required courses shared by 33 majors in this school
Northeastern University,Computer Engineering,high_risk,true,official_site,false,false,false,false,true,true,No official required courses listed; Same required courses shared by 33 majors in this school
Northeastern University,Electrical Engineering,high_risk,true,official_site,false,false,false,false,true,true,No official required courses listed; Same required courses shared by 33 majors in this school
Northeastern University,Mechanical Engineering,high_risk,true,official_site,false,false,false,false,true,true,No official required courses listed; Same required courses shared by 33 majors in this school
Northeastern University,Civil Engineering,high_risk,true,official_site,false,false,false,false,true,true,No official required courses listed; Same required courses shared by 33 majors in this school
Northeastern University,Chemical Engineering,high_risk,true,official_site,false,false,false,false,true,true,No official required courses listed; Same required courses shared by 33 majors in this school
Northeastern University,Biomedical Engineering,high_risk,true,official_site,false,false,false,false,true,true,No official required courses listed; Same required courses shared by 33 majors in this school
Northeastern University,Industrial Engineering,high_risk,true,official_site,false,false,false,false,true,true,No official required courses listed; Same required courses shared by 33 majors in this school
Northeastern University,Aerospace Engineering,high_risk,true,official_site,false,false,false,false,true,true,No official required courses listed; Same required courses shared by 33 majors in this school
Northeastern University,Business Administration,high_risk,true,official_site,false,false,false,false,true,true,No official required courses listed; Same required courses shared by 33 majors in this school
Northeastern University,Finance,high_risk,true,official_site,false,false,false,false,true,true,No official required courses listed; Same required courses shared by 33 majors in this school
Northeastern University,Accounting,high_risk,true,official_site,false,false,false,false,true,true,No official required courses listed; Same required courses shared by 33 majors in this school
Northeastern University,Marketing,high_risk,true,official_site,false,false,false,false,true,true,No official required courses listed; Same required courses shared by 33 majors in this school
Northeastern University,Management,high_risk,true,official_site,false,false,false,false,true,true,No official required courses listed; Same required courses shared by 33 majors in this school
Northeastern University,Economics,high_risk,true,official_site,false,false,false,false,true,true,No official required courses listed; Same required courses shared by 33 majors in this school
Northeastern University,Psychology,high_risk,true,official_site,false,false,false,false,true,true,No official required courses listed; Same required courses shared by 33 majors in this school
Northeastern University,Political Science,high_risk,true,official_site,false,false,false,false,true,true,No official required courses listed; Same required courses shared by 33 majors in this school
Northeastern University,Sociology,high_risk,true,official_site,false,false,false,false,true,true,No official required courses listed; Same required courses shared by 33 majors in this school
Northeastern University,History,high_risk,true,official_site,false,false,false,false,true,true,No official required courses listed; Same required courses shared by 33 majors in this school
Northeastern University,English,high_risk,true,official_site,false,false,false,false,true,true,No official required courses listed; Same required courses shared by 33 majors in this school
Northeastern University,Communications,high_risk,true,official_site,false,false,false,false,true,true,No official required courses listed; Same required courses shared by 33 majors in this school
Northeastern University,Biology,high_risk,true,official_site,false,false,false,false,true,true,No official required courses listed; Same required courses shared by 33 majors in this school
Northeastern University,Biochemistry,high_risk,true,official_site,false,false,false,false,true,true,No official required courses listed; Same required courses shared by 33 majors in this school
Northeastern University,Chemistry,high_risk,true,official_site,false,false,false,false,true,true,No official required courses listed; Same required courses shared by 33 majors in this school
Northeastern University,Physics,high_risk,true,official_site,false,false,false,false,true,true,No official required courses listed; Same required courses shared by 33 majors in this school
Northeastern University,Mathematics,high_risk,true,official_site,false,false,false,false,true,true,No official required courses listed; Same required courses shared by 33 majors in this school
Northeastern University,Statistics,high_risk,true,official_site,false,false,false,false,true,true,No official required courses listed; Same required courses shared by 33 majors in this school
Northeastern University,Public Health,high_risk,true,official_site,false,false,false,false,true,true,No official required courses listed; Same required courses shared by 33 majors in this school
Northeastern University,Nursing,high_risk,true,official_site,false,false,false,false,true,true,No official required courses listed; Same required courses shared by 33 majors in this school
Northeastern University,International Relations,high_risk,true,official_site,false,false,false,false,true,true,No official required courses listed; Same required courses shared by 33 majors in this school
Northeastern University,Philosophy,high_risk,true,official_site,false,false,false,false,true,true,No official required courses listed; Same required courses shared by 33 majors in this school
Northeastern University,Bioengineering / Chemical Engineering,needs_source_check,true,official_site,false,false,false,false,true,true,Same required courses shared by 4 majors in this school
Northeastern University,Civil Engineering / Environmental Engineering,needs_source_check,true,official_site,false,false,false,false,true,true,Same required courses shared by 4 majors in this school
Northeastern University,Computer Engineering / Electrical Engineering / Computer Engineering & Computer Science,needs_source_check,true,official_site,false,false,false,false,true,true,Same required courses shared by 4 majors in this school
Northeastern University,Industrial Engineering / Mechanical Engineering,needs_source_check,true,official_site,false,false,false,false,true,true,Same required courses shared by 4 majors in this school
Boston University,Computer Science,high_risk,true,official_site,false,false,false,false,true,true,No official required courses listed; Same required courses shared by 29 majors in this school
Boston University,Data Science,high_risk,true,official_site,false,false,false,false,true,true,No official required courses listed; Same required courses shared by 29 majors in this school
Boston University,Information Technology,high_risk,true,official_site,false,false,false,false,true,true,No official required courses listed; Same required courses shared by 29 majors in this school
Boston University,Computer Engineering,needs_source_check,true,official_site,false,false,false,false,true,true,Same required courses shared by 4 majors in this school
Boston University,Electrical Engineering,needs_source_check,true,official_site,false,false,false,false,true,true,Same required courses shared by 4 majors in this school
Boston University,Mechanical Engineering,needs_source_check,true,official_site,false,false,false,false,true,true,Same required courses shared by 4 majors in this school
Boston University,Civil Engineering,high_risk,true,official_site,false,false,false,false,true,true,No official required courses listed; Same required courses shared by 29 majors in this school
Boston University,Chemical Engineering,high_risk,true,official_site,false,false,false,false,true,true,No official required courses listed; Same required courses shared by 29 majors in this school
Boston University,Biomedical Engineering,needs_source_check,true,official_site,false,false,false,false,true,true,Same required courses shared by 4 majors in this school
Boston University,Industrial Engineering,high_risk,true,official_site,false,false,false,false,true,true,No official required courses listed; Same required courses shared by 29 majors in this school
Boston University,Aerospace Engineering,high_risk,true,official_site,false,false,false,false,true,true,No official required courses listed; Same required courses shared by 29 majors in this school
Boston University,Business Administration,high_risk,true,official_site,false,false,false,false,true,true,No official required courses listed; Same required courses shared by 29 majors in this school
Boston University,Finance,high_risk,true,official_site,false,false,false,false,true,true,No official required courses listed; Same required courses shared by 29 majors in this school
Boston University,Accounting,high_risk,true,official_site,false,false,false,false,true,true,No official required courses listed; Same required courses shared by 29 majors in this school
Boston University,Marketing,high_risk,true,official_site,false,false,false,false,true,true,No official required courses listed; Same required courses shared by 29 majors in this school
Boston University,Management,high_risk,true,official_site,false,false,false,false,true,true,No official required courses listed; Same required courses shared by 29 majors in this school
Boston University,Economics,high_risk,true,official_site,false,false,false,false,true,true,No official required courses listed; Same required courses shared by 29 majors in this school
Boston University,Psychology,high_risk,true,official_site,false,false,false,false,true,true,No official required courses listed; Same required courses shared by 29 majors in this school
Boston University,Political Science,high_risk,true,official_site,false,false,false,false,true,true,No official required courses listed; Same required courses shared by 29 majors in this school
Boston University,Sociology,high_risk,true,official_site,false,false,false,false,true,true,No official required courses listed; Same required courses shared by 29 majors in this school
Boston University,History,high_risk,true,official_site,false,false,false,false,true,true,No official required courses listed; Same required courses shared by 29 majors in this school
Boston University,English,high_risk,true,official_site,false,false,false,false,true,true,No official required courses listed; Same required courses shared by 29 majors in this school
Boston University,Communications,high_risk,true,official_site,false,false,false,false,true,true,No official required courses listed; Same required courses shared by 29 majors in this school
Boston University,Biology,high_risk,true,official_site,false,false,false,false,true,true,No official required courses listed; Same required courses shared by 29 majors in this school
Boston University,Biochemistry,high_risk,true,official_site,false,false,false,false,true,true,No official required courses listed; Same required courses shared by 29 majors in this school
Boston University,Chemistry,high_risk,true,official_site,false,false,false,false,true,true,No official required courses listed; Same required courses shared by 29 majors in this school
Boston University,Physics,high_risk,true,official_site,false,false,false,false,true,true,No official required courses listed; Same required courses shared by 29 majors in this school
Boston University,Mathematics,high_risk,true,official_site,false,false,false,false,true,true,No official required courses listed; Same required courses shared by 29 majors in this school
Boston University,Statistics,high_risk,true,official_site,false,false,false,false,true,true,No official required courses listed; Same required courses shared by 29 majors in this school
Boston University,Public Health,high_risk,true,official_site,false,false,false,false,true,true,No official required courses listed; Same required courses shared by 29 majors in this school
Boston University,Nursing,high_risk,true,official_site,false,false,false,false,true,true,No official required courses listed; Same required courses shared by 29 majors in this school
Boston University,International Relations,high_risk,true,official_site,false,false,false,false,true,true,No official required courses listed; Same required courses shared by 29 majors in this school
Boston University,Philosophy,high_risk,true,official_site,false,false,false,false,true,true,No official required courses listed; Same required courses shared by 29 majors in this school
Cal Poly San Luis Obispo,Computer Science,needs_source_check,true,official_site,false,false,false,false,false,true,"Note does not state ""Verified"""
Cal Poly San Luis Obispo,Data Science,high_risk,true,official_site,false,false,false,false,true,true,No official required courses listed; Same required courses shared by 25 majors in this school
Cal Poly San Luis Obispo,Information Technology,high_risk,true,official_site,false,false,false,false,true,true,No official required courses listed; Same required courses shared by 25 majors in this school
Cal Poly San Luis Obispo,Computer Engineering,needs_source_check,true,official_site,false,false,false,false,false,true,"Note does not state ""Verified"""
Cal Poly San Luis Obispo,Electrical Engineering,needs_source_check,true,official_site,false,false,false,false,false,true,"Note does not state ""Verified"""
Cal Poly San Luis Obispo,Mechanical Engineering,needs_source_check,true,official_site,false,false,false,false,true,true,Same required courses shared by 8 majors in this school
Cal Poly San Luis Obispo,Civil Engineering,needs_source_check,true,official_site,false,false,false,false,true,true,Same required courses shared by 8 majors in this school
Cal Poly San Luis Obispo,Chemical Engineering,high_risk,true,official_site,false,false,false,false,true,true,No official required courses listed; Same required courses shared by 25 majors in this school
Cal Poly San Luis Obispo,Biomedical Engineering,needs_source_check,true,official_site,false,false,false,false,false,true,"Note does not state ""Verified"""
Cal Poly San Luis Obispo,Industrial Engineering,needs_source_check,true,official_site,false,false,false,false,true,true,Same required courses shared by 8 majors in this school
Cal Poly San Luis Obispo,Aerospace Engineering,needs_source_check,true,official_site,false,false,false,false,true,true,Same required courses shared by 8 majors in this school
Cal Poly San Luis Obispo,Business Administration,high_risk,true,official_site,false,false,false,false,true,true,No official required courses listed; Same required courses shared by 25 majors in this school
Cal Poly San Luis Obispo,Finance,high_risk,true,official_site,false,false,false,false,true,true,No official required courses listed; Same required courses shared by 25 majors in this school
Cal Poly San Luis Obispo,Accounting,high_risk,true,official_site,false,false,false,false,true,true,No official required courses listed; Same required courses shared by 25 majors in this school
Cal Poly San Luis Obispo,Marketing,high_risk,true,official_site,false,false,false,false,true,true,No official required courses listed; Same required courses shared by 25 majors in this school
Cal Poly San Luis Obispo,Management,high_risk,true,official_site,false,false,false,false,true,true,No official required courses listed; Same required courses shared by 25 majors in this school
Cal Poly San Luis Obispo,Economics,high_risk,true,official_site,false,false,false,false,true,true,No official required courses listed; Same required courses shared by 25 majors in this school
Cal Poly San Luis Obispo,Psychology,high_risk,true,official_site,false,false,false,false,true,true,No official required courses listed; Same required courses shared by 25 majors in this school
Cal Poly San Luis Obispo,Political Science,high_risk,true,official_site,false,false,false,false,true,true,No official required courses listed; Same required courses shared by 25 majors in this school
Cal Poly San Luis Obispo,Sociology,high_risk,true,official_site,false,false,false,false,true,true,No official required courses listed; Same required courses shared by 25 majors in this school
Cal Poly San Luis Obispo,History,high_risk,true,official_site,false,false,false,false,true,true,No official required courses listed; Same required courses shared by 25 majors in this school
Cal Poly San Luis Obispo,English,high_risk,true,official_site,false,false,false,false,true,true,No official required courses listed; Same required courses shared by 25 majors in this school
Cal Poly San Luis Obispo,Communications,high_risk,true,official_site,false,false,false,false,true,true,No official required courses listed; Same required courses shared by 25 majors in this school
Cal Poly San Luis Obispo,Biology,high_risk,true,official_site,false,false,false,false,true,true,No official required courses listed; Same required courses shared by 25 majors in this school
Cal Poly San Luis Obispo,Biochemistry,high_risk,true,official_site,false,false,false,false,true,true,No official required courses listed; Same required courses shared by 25 majors in this school
Cal Poly San Luis Obispo,Chemistry,high_risk,true,official_site,false,false,false,false,true,true,No official required courses listed; Same required courses shared by 25 majors in this school
Cal Poly San Luis Obispo,Physics,high_risk,true,official_site,false,false,false,false,true,true,No official required courses listed; Same required courses shared by 25 majors in this school
Cal Poly San Luis Obispo,Mathematics,high_risk,true,official_site,false,false,false,false,true,true,No official required courses listed; Same required courses shared by 25 majors in this school
Cal Poly San Luis Obispo,Statistics,high_risk,true,official_site,false,false,false,false,true,true,No official required courses listed; Same required courses shared by 25 majors in this school
Cal Poly San Luis Obispo,Public Health,high_risk,true,official_site,false,false,false,false,true,true,No official required courses listed; Same required courses shared by 25 majors in this school
Cal Poly San Luis Obispo,Nursing,high_risk,true,official_site,false,false,false,false,true,true,No official required courses listed; Same required courses shared by 25 majors in this school
Cal Poly San Luis Obispo,International Relations,high_risk,true,official_site,false,false,false,false,true,true,No official required courses listed; Same required courses shared by 25 majors in this school
Cal Poly San Luis Obispo,Philosophy,high_risk,true,official_site,false,false,false,false,true,true,No official required courses listed; Same required courses shared by 25 majors in this school
Cal Poly San Luis Obispo,Environmental Engineering,needs_source_check,true,official_site,false,false,false,false,true,true,Same required courses shared by 8 majors in this school
Cal Poly San Luis Obispo,General Engineering,needs_source_check,true,official_site,false,false,false,false,true,true,Same required courses shared by 8 majors in this school
Cal Poly San Luis Obispo,Manufacturing Engineering,needs_source_check,true,official_site,false,false,false,false,true,true,Same required courses shared by 8 majors in this school
Cal Poly San Luis Obispo,Materials Engineering,needs_source_check,true,official_site,false,false,false,false,true,true,Same required courses shared by 8 majors in this school
Cal Poly San Luis Obispo,Software Engineering,needs_source_check,true,official_site,false,false,false,false,false,true,"Note does not state ""Verified"""
Arizona State University,Computer Science,needs_source_check,true,official_site,false,false,false,false,false,true,"Note does not state ""Verified"""
Arizona State University,Data Science,high_risk,true,official_site,false,false,false,false,true,true,No official required courses listed; Same required courses shared by 24 majors in this school
Arizona State University,Information Technology,high_risk,true,official_site,false,false,false,false,true,true,No official required courses listed; Same required courses shared by 24 majors in this school
Arizona State University,Computer Engineering,needs_source_check,true,official_site,false,false,false,false,true,true,Same required courses shared by 10 majors in this school
Arizona State University,Electrical Engineering,needs_source_check,true,official_site,false,false,false,false,true,true,Same required courses shared by 10 majors in this school
Arizona State University,Mechanical Engineering,needs_source_check,true,official_site,false,false,false,false,true,true,Same required courses shared by 10 majors in this school
Arizona State University,Civil Engineering,needs_source_check,true,official_site,false,false,false,false,true,true,Same required courses shared by 10 majors in this school
Arizona State University,Chemical Engineering,needs_source_check,true,official_site,false,false,false,false,true,true,Same required courses shared by 3 majors in this school
Arizona State University,Biomedical Engineering,needs_source_check,true,official_site,false,false,false,false,true,true,Same required courses shared by 10 majors in this school
Arizona State University,Industrial Engineering,needs_source_check,true,official_site,false,false,false,false,true,true,Same required courses shared by 10 majors in this school
Arizona State University,Aerospace Engineering,needs_source_check,true,official_site,false,false,false,false,true,true,Same required courses shared by 10 majors in this school
Arizona State University,Business Administration,high_risk,true,official_site,false,false,false,false,true,true,No official required courses listed; Same required courses shared by 24 majors in this school
Arizona State University,Finance,high_risk,true,official_site,false,false,false,false,true,true,No official required courses listed; Same required courses shared by 24 majors in this school
Arizona State University,Accounting,high_risk,true,official_site,false,false,false,false,true,true,No official required courses listed; Same required courses shared by 24 majors in this school
Arizona State University,Marketing,high_risk,true,official_site,false,false,false,false,true,true,No official required courses listed; Same required courses shared by 24 majors in this school
Arizona State University,Management,high_risk,true,official_site,false,false,false,false,true,true,No official required courses listed; Same required courses shared by 24 majors in this school
Arizona State University,Economics,high_risk,true,official_site,false,false,false,false,true,true,No official required courses listed; Same required courses shared by 24 majors in this school
Arizona State University,Psychology,high_risk,true,official_site,false,false,false,false,true,true,No official required courses listed; Same required courses shared by 24 majors in this school
Arizona State University,Political Science,high_risk,true,official_site,false,false,false,false,true,true,No official required courses listed; Same required courses shared by 24 majors in this school
Arizona State University,Sociology,high_risk,true,official_site,false,false,false,false,true,true,No official required courses listed; Same required courses shared by 24 majors in this school
Arizona State University,History,high_risk,true,official_site,false,false,false,false,true,true,No official required courses listed; Same required courses shared by 24 majors in this school
Arizona State University,English,high_risk,true,official_site,false,false,false,false,true,true,No official required courses listed; Same required courses shared by 24 majors in this school
Arizona State University,Communications,high_risk,true,official_site,false,false,false,false,true,true,No official required courses listed; Same required courses shared by 24 majors in this school
Arizona State University,Biology,high_risk,true,official_site,false,false,false,false,true,true,No official required courses listed; Same required courses shared by 24 majors in this school
Arizona State University,Biochemistry,high_risk,true,official_site,false,false,false,false,true,true,No official required courses listed; Same required courses shared by 24 majors in this school
Arizona State University,Chemistry,high_risk,true,official_site,false,false,false,false,true,true,No official required courses listed; Same required courses shared by 24 majors in this school
Arizona State University,Physics,high_risk,true,official_site,false,false,false,false,true,true,No official required courses listed; Same required courses shared by 24 majors in this school
Arizona State University,Mathematics,high_risk,true,official_site,false,false,false,false,true,true,No official required courses listed; Same required courses shared by 24 majors in this school
Arizona State University,Statistics,high_risk,true,official_site,false,false,false,false,true,true,No official required courses listed; Same required courses shared by 24 majors in this school
Arizona State University,Public Health,high_risk,true,official_site,false,false,false,false,true,true,No official required courses listed; Same required courses shared by 24 majors in this school
Arizona State University,Nursing,high_risk,true,official_site,false,false,false,false,true,true,No official required courses listed; Same required courses shared by 24 majors in this school
Arizona State University,International Relations,high_risk,true,official_site,false,false,false,false,true,true,No official required courses listed; Same required courses shared by 24 majors in this school
Arizona State University,Philosophy,high_risk,true,official_site,false,false,false,false,true,true,No official required courses listed; Same required courses shared by 24 majors in this school
Arizona State University,Computer Systems Engineering,needs_source_check,true,official_site,false,false,false,false,true,true,Same required courses shared by 10 majors in this school
Arizona State University,Construction Engineering,needs_source_check,true,official_site,false,false,false,false,true,true,Same required courses shared by 10 majors in this school
Arizona State University,"Engineering (Robotics, Automotive, Clean Energy, Mechanical, or Electrical Systems)",needs_source_check,true,official_site,false,false,false,false,true,true,Same required courses shared by 10 majors in this school
Arizona State University,Environmental and Sustainable Engineering,needs_source_check,true,official_site,false,false,false,false,true,true,Same required courses shared by 3 majors in this school
Arizona State University,Materials Science and Engineering,needs_source_check,true,official_site,false,false,false,false,true,true,Same required courses shared by 3 majors in this school
Arizona State University,Software Engineering,needs_source_check,true,official_site,false,false,false,false,false,true,"Note does not state ""Verified"""
Stony Brook University,Computer Science,needs_source_check,true,official_site,false,false,false,false,false,true,"Note does not state ""Verified"""
Stony Brook University,Data Science,high_risk,true,official_site,false,false,false,false,true,true,No official required courses listed; Same required courses shared by 27 majors in this school
Stony Brook University,Information Technology,high_risk,true,official_site,false,false,false,false,true,true,No official required courses listed; Same required courses shared by 27 majors in this school
Stony Brook University,Computer Engineering,needs_source_check,true,official_site,false,false,false,false,true,true,Same required courses shared by 7 majors in this school
Stony Brook University,Electrical Engineering,needs_source_check,true,official_site,false,false,false,false,true,true,Same required courses shared by 7 majors in this school
Stony Brook University,Mechanical Engineering,needs_source_check,true,official_site,false,false,false,false,true,true,Same required courses shared by 7 majors in this school
Stony Brook University,Civil Engineering,needs_source_check,true,official_site,false,false,false,false,true,true,Same required courses shared by 7 majors in this school
Stony Brook University,Chemical Engineering,high_risk,true,official_site,false,false,false,false,true,true,No official required courses listed; Same required courses shared by 27 majors in this school
Stony Brook University,Biomedical Engineering,needs_source_check,true,official_site,false,false,false,false,true,true,Same required courses shared by 7 majors in this school
Stony Brook University,Industrial Engineering,high_risk,true,official_site,false,false,false,false,true,true,No official required courses listed; Same required courses shared by 27 majors in this school
Stony Brook University,Aerospace Engineering,high_risk,true,official_site,false,false,false,false,true,true,No official required courses listed; Same required courses shared by 27 majors in this school
Stony Brook University,Business Administration,high_risk,true,official_site,false,false,false,false,true,true,No official required courses listed; Same required courses shared by 27 majors in this school
Stony Brook University,Finance,high_risk,true,official_site,false,false,false,false,true,true,No official required courses listed; Same required courses shared by 27 majors in this school
Stony Brook University,Accounting,high_risk,true,official_site,false,false,false,false,true,true,No official required courses listed; Same required courses shared by 27 majors in this school
Stony Brook University,Marketing,high_risk,true,official_site,false,false,false,false,true,true,No official required courses listed; Same required courses shared by 27 majors in this school
Stony Brook University,Management,high_risk,true,official_site,false,false,false,false,true,true,No official required courses listed; Same required courses shared by 27 majors in this school
Stony Brook University,Economics,high_risk,true,official_site,false,false,false,false,true,true,No official required courses listed; Same required courses shared by 27 majors in this school
Stony Brook University,Psychology,high_risk,true,official_site,false,false,false,false,true,true,No official required courses listed; Same required courses shared by 27 majors in this school
Stony Brook University,Political Science,high_risk,true,official_site,false,false,false,false,true,true,No official required courses listed; Same required courses shared by 27 majors in this school
Stony Brook University,Sociology,high_risk,true,official_site,false,false,false,false,true,true,No official required courses listed; Same required courses shared by 27 majors in this school
Stony Brook University,History,high_risk,true,official_site,false,false,false,false,true,true,No official required courses listed; Same required courses shared by 27 majors in this school
Stony Brook University,English,high_risk,true,official_site,false,false,false,false,true,true,No official required courses listed; Same required courses shared by 27 majors in this school
Stony Brook University,Communications,high_risk,true,official_site,false,false,false,false,true,true,No official required courses listed; Same required courses shared by 27 majors in this school
Stony Brook University,Biology,high_risk,true,official_site,false,false,false,false,true,true,No official required courses listed; Same required courses shared by 27 majors in this school
Stony Brook University,Biochemistry,high_risk,true,official_site,false,false,false,false,true,true,No official required courses listed; Same required courses shared by 27 majors in this school
Stony Brook University,Chemistry,high_risk,true,official_site,false,false,false,false,true,true,No official required courses listed; Same required courses shared by 27 majors in this school
Stony Brook University,Physics,high_risk,true,official_site,false,false,false,false,true,true,No official required courses listed; Same required courses shared by 27 majors in this school
Stony Brook University,Mathematics,high_risk,true,official_site,false,false,false,false,true,true,No official required courses listed; Same required courses shared by 27 majors in this school
Stony Brook University,Statistics,high_risk,true,official_site,false,false,false,false,true,true,No official required courses listed; Same required courses shared by 27 majors in this school
Stony Brook University,Public Health,high_risk,true,official_site,false,false,false,false,true,true,No official required courses listed; Same required courses shared by 27 majors in this school
Stony Brook University,Nursing,high_risk,true,official_site,false,false,false,false,true,true,No official required courses listed; Same required courses shared by 27 majors in this school
Stony Brook University,International Relations,high_risk,true,official_site,false,false,false,false,true,true,No official required courses listed; Same required courses shared by 27 majors in this school
Stony Brook University,Philosophy,high_risk,true,official_site,false,false,false,false,true,true,No official required courses listed; Same required courses shared by 27 majors in this school
Stony Brook University,Applied Mathematics and Statistics,needs_source_check,true,official_site,false,false,false,false,false,true,"Note does not state ""Verified"""
Stony Brook University,Chemical and Molecular Engineering,needs_source_check,true,official_site,false,false,false,false,true,true,Same required courses shared by 7 majors in this school
Stony Brook University,Engineering Chemistry,needs_source_check,true,official_site,false,false,false,false,false,true,"Note does not state ""Verified"""
Stony Brook University,Engineering Science,needs_source_check,true,official_site,false,false,false,false,true,true,Same required courses shared by 7 majors in this school
Stony Brook University,Information Systems,needs_source_check,true,official_site,false,false,false,false,false,true,"Note does not state ""Verified"""
Stony Brook University,Technological Systems Management,needs_source_check,true,official_site,false,false,false,false,false,true,"Note does not state ""Verified"""
University of Georgia,Computer Science,high_risk,true,official_site,false,false,false,false,true,true,No official required courses listed; Same required courses shared by 31 majors in this school
University of Georgia,Data Science,high_risk,true,official_site,false,false,false,false,true,true,No official required courses listed; Same required courses shared by 31 majors in this school
University of Georgia,Information Technology,high_risk,true,official_site,false,false,false,false,true,true,No official required courses listed; Same required courses shared by 31 majors in this school
University of Georgia,Computer Engineering,high_risk,true,official_site,false,false,false,false,true,true,No official required courses listed; Same required courses shared by 31 majors in this school
University of Georgia,Electrical Engineering,high_risk,true,official_site,false,false,false,false,true,true,No official required courses listed; Same required courses shared by 31 majors in this school
University of Georgia,Mechanical Engineering,high_risk,true,official_site,false,false,true,false,true,true,Suspect number in raw GPA: 60; Suspect number in raw GPA: 30; Suspect number in raw GPA: 59; Same required courses shared by 8 majors in this school
University of Georgia,Civil Engineering,high_risk,true,official_site,false,false,true,false,true,true,Suspect number in raw GPA: 60; Suspect number in raw GPA: 30; Suspect number in raw GPA: 59; Same required courses shared by 8 majors in this school
University of Georgia,Chemical Engineering,high_risk,true,official_site,false,false,false,false,true,true,No official required courses listed; Same required courses shared by 31 majors in this school
University of Georgia,Biomedical Engineering,high_risk,true,official_site,false,false,false,false,true,true,No official required courses listed; Same required courses shared by 31 majors in this school
University of Georgia,Industrial Engineering,high_risk,true,official_site,false,false,false,false,true,true,No official required courses listed; Same required courses shared by 31 majors in this school
University of Georgia,Aerospace Engineering,high_risk,true,official_site,false,false,false,false,true,true,No official required courses listed; Same required courses shared by 31 majors in this school
University of Georgia,Business Administration,high_risk,true,official_site,false,false,false,false,true,true,No official required courses listed; Same required courses shared by 31 majors in this school
University of Georgia,Finance,high_risk,true,official_site,false,false,false,false,true,true,No official required courses listed; Same required courses shared by 31 majors in this school
University of Georgia,Accounting,high_risk,true,official_site,false,false,false,false,true,true,No official required courses listed; Same required courses shared by 31 majors in this school
University of Georgia,Marketing,high_risk,true,official_site,false,false,false,false,true,true,No official required courses listed; Same required courses shared by 31 majors in this school
University of Georgia,Management,high_risk,true,official_site,false,false,false,false,true,true,No official required courses listed; Same required courses shared by 31 majors in this school
University of Georgia,Economics,high_risk,true,official_site,false,false,false,false,true,true,No official required courses listed; Same required courses shared by 31 majors in this school
University of Georgia,Psychology,high_risk,true,official_site,false,false,false,false,true,true,No official required courses listed; Same required courses shared by 31 majors in this school
University of Georgia,Political Science,high_risk,true,official_site,false,false,false,false,true,true,No official required courses listed; Same required courses shared by 31 majors in this school
University of Georgia,Sociology,high_risk,true,official_site,false,false,false,false,true,true,No official required courses listed; Same required courses shared by 31 majors in this school
University of Georgia,History,high_risk,true,official_site,false,false,false,false,true,true,No official required courses listed; Same required courses shared by 31 majors in this school
University of Georgia,English,high_risk,true,official_site,false,false,false,false,true,true,No official required courses listed; Same required courses shared by 31 majors in this school
University of Georgia,Communications,high_risk,true,official_site,false,false,false,false,true,true,No official required courses listed; Same required courses shared by 31 majors in this school
University of Georgia,Biology,high_risk,true,official_site,false,false,false,false,true,true,No official required courses listed; Same required courses shared by 31 majors in this school
University of Georgia,Biochemistry,high_risk,true,official_site,false,false,false,false,true,true,No official required courses listed; Same required courses shared by 31 majors in this school
University of Georgia,Chemistry,high_risk,true,official_site,false,false,false,false,true,true,No official required courses listed; Same required courses shared by 31 majors in this school
University of Georgia,Physics,high_risk,true,official_site,false,false,false,false,true,true,No official required courses listed; Same required courses shared by 31 majors in this school
University of Georgia,Mathematics,high_risk,true,official_site,false,false,false,false,true,true,No official required courses listed; Same required courses shared by 31 majors in this school
University of Georgia,Statistics,high_risk,true,official_site,false,false,false,false,true,true,No official required courses listed; Same required courses shared by 31 majors in this school
University of Georgia,Public Health,high_risk,true,official_site,false,false,false,false,true,true,No official required courses listed; Same required courses shared by 31 majors in this school
University of Georgia,Nursing,high_risk,true,official_site,false,false,false,false,true,true,No official required courses listed; Same required courses shared by 31 majors in this school
University of Georgia,International Relations,high_risk,true,official_site,false,false,false,false,true,true,No official required courses listed; Same required courses shared by 31 majors in this school
University of Georgia,Philosophy,high_risk,true,official_site,false,false,false,false,true,true,No official required courses listed; Same required courses shared by 31 majors in this school
University of Georgia,Agricultural Engineering,high_risk,true,official_site,false,false,true,false,true,true,Suspect number in raw GPA: 60; Suspect number in raw GPA: 30; Suspect number in raw GPA: 59; Same required courses shared by 8 majors in this school
University of Georgia,Biochemical Engineering,high_risk,true,official_site,false,false,true,false,true,true,Suspect number in raw GPA: 60; Suspect number in raw GPA: 30; Suspect number in raw GPA: 59; Same required courses shared by 8 majors in this school
University of Georgia,Biological Engineering,high_risk,true,official_site,false,false,true,false,true,true,Suspect number in raw GPA: 60; Suspect number in raw GPA: 30; Suspect number in raw GPA: 59; Same required courses shared by 8 majors in this school
University of Georgia,Computer Systems Engineering,high_risk,true,official_site,false,false,true,false,true,true,Suspect number in raw GPA: 60; Suspect number in raw GPA: 30; Suspect number in raw GPA: 59; Same required courses shared by 8 majors in this school
University of Georgia,Electrical and Electronics Engineering,high_risk,true,official_site,false,false,true,false,true,true,Suspect number in raw GPA: 60; Suspect number in raw GPA: 30; Suspect number in raw GPA: 59; Same required courses shared by 8 majors in this school
University of Georgia,Environmental Engineering,high_risk,true,official_site,false,false,true,false,true,true,Suspect number in raw GPA: 60; Suspect number in raw GPA: 30; Suspect number in raw GPA: 59; Same required courses shared by 8 majors in this school
University at Buffalo (SUNY Buffalo),Computer Science,high_risk,true,official_site,false,false,false,false,true,true,No official required courses listed; Same required courses shared by 33 majors in this school
University at Buffalo (SUNY Buffalo),Data Science,high_risk,true,official_site,false,false,false,false,true,true,No official required courses listed; Same required courses shared by 33 majors in this school
University at Buffalo (SUNY Buffalo),Information Technology,high_risk,true,official_site,false,false,false,false,true,true,No official required courses listed; Same required courses shared by 33 majors in this school
University at Buffalo (SUNY Buffalo),Computer Engineering,high_risk,true,official_site,false,false,false,false,true,true,No official required courses listed; Same required courses shared by 33 majors in this school
University at Buffalo (SUNY Buffalo),Electrical Engineering,high_risk,true,official_site,false,false,false,false,true,true,No official required courses listed; Same required courses shared by 33 majors in this school
University at Buffalo (SUNY Buffalo),Mechanical Engineering,high_risk,true,official_site,false,false,false,false,true,true,No official required courses listed; Same required courses shared by 33 majors in this school
University at Buffalo (SUNY Buffalo),Civil Engineering,high_risk,true,official_site,false,false,false,false,true,true,No official required courses listed; Same required courses shared by 33 majors in this school
University at Buffalo (SUNY Buffalo),Chemical Engineering,high_risk,true,official_site,false,false,false,false,true,true,No official required courses listed; Same required courses shared by 33 majors in this school
University at Buffalo (SUNY Buffalo),Biomedical Engineering,high_risk,true,official_site,false,false,false,false,true,true,No official required courses listed; Same required courses shared by 33 majors in this school
University at Buffalo (SUNY Buffalo),Industrial Engineering,high_risk,true,official_site,false,false,false,false,true,true,No official required courses listed; Same required courses shared by 33 majors in this school
University at Buffalo (SUNY Buffalo),Aerospace Engineering,high_risk,true,official_site,false,false,false,false,true,true,No official required courses listed; Same required courses shared by 33 majors in this school
University at Buffalo (SUNY Buffalo),Business Administration,high_risk,true,official_site,false,false,false,false,true,true,No official required courses listed; Same required courses shared by 33 majors in this school
University at Buffalo (SUNY Buffalo),Finance,high_risk,true,official_site,false,false,false,false,true,true,No official required courses listed; Same required courses shared by 33 majors in this school
University at Buffalo (SUNY Buffalo),Accounting,high_risk,true,official_site,false,false,false,false,true,true,No official required courses listed; Same required courses shared by 33 majors in this school
University at Buffalo (SUNY Buffalo),Marketing,high_risk,true,official_site,false,false,false,false,true,true,No official required courses listed; Same required courses shared by 33 majors in this school
University at Buffalo (SUNY Buffalo),Management,high_risk,true,official_site,false,false,false,false,true,true,No official required courses listed; Same required courses shared by 33 majors in this school
University at Buffalo (SUNY Buffalo),Economics,high_risk,true,official_site,false,false,false,false,true,true,No official required courses listed; Same required courses shared by 33 majors in this school
University at Buffalo (SUNY Buffalo),Psychology,high_risk,true,official_site,false,false,false,false,true,true,No official required courses listed; Same required courses shared by 33 majors in this school
University at Buffalo (SUNY Buffalo),Political Science,high_risk,true,official_site,false,false,false,false,true,true,No official required courses listed; Same required courses shared by 33 majors in this school
University at Buffalo (SUNY Buffalo),Sociology,high_risk,true,official_site,false,false,false,false,true,true,No official required courses listed; Same required courses shared by 33 majors in this school
University at Buffalo (SUNY Buffalo),History,high_risk,true,official_site,false,false,false,false,true,true,No official required courses listed; Same required courses shared by 33 majors in this school
University at Buffalo (SUNY Buffalo),English,high_risk,true,official_site,false,false,false,false,true,true,No official required courses listed; Same required courses shared by 33 majors in this school
University at Buffalo (SUNY Buffalo),Communications,high_risk,true,official_site,false,false,false,false,true,true,No official required courses listed; Same required courses shared by 33 majors in this school
University at Buffalo (SUNY Buffalo),Biology,high_risk,true,official_site,false,false,false,false,true,true,No official required courses listed; Same required courses shared by 33 majors in this school
University at Buffalo (SUNY Buffalo),Biochemistry,high_risk,true,official_site,false,false,false,false,true,true,No official required courses listed; Same required courses shared by 33 majors in this school
University at Buffalo (SUNY Buffalo),Chemistry,high_risk,true,official_site,false,false,false,false,true,true,No official required courses listed; Same required courses shared by 33 majors in this school
University at Buffalo (SUNY Buffalo),Physics,high_risk,true,official_site,false,false,false,false,true,true,No official required courses listed; Same required courses shared by 33 majors in this school
University at Buffalo (SUNY Buffalo),Mathematics,high_risk,true,official_site,false,false,false,false,true,true,No official required courses listed; Same required courses shared by 33 majors in this school
University at Buffalo (SUNY Buffalo),Statistics,high_risk,true,official_site,false,false,false,false,true,true,No official required courses listed; Same required courses shared by 33 majors in this school
University at Buffalo (SUNY Buffalo),Public Health,high_risk,true,official_site,false,false,false,false,true,true,No official required courses listed; Same required courses shared by 33 majors in this school
University at Buffalo (SUNY Buffalo),Nursing,high_risk,true,official_site,false,false,false,false,true,true,No official required courses listed; Same required courses shared by 33 majors in this school
University at Buffalo (SUNY Buffalo),International Relations,high_risk,true,official_site,false,false,false,false,true,true,No official required courses listed; Same required courses shared by 33 majors in this school
University at Buffalo (SUNY Buffalo),Philosophy,high_risk,true,official_site,false,false,false,false,true,true,No official required courses listed; Same required courses shared by 33 majors in this school
University at Buffalo (SUNY Buffalo),Aerospace Engineering (BS),needs_source_check,true,official_site,false,false,false,false,true,true,Same required courses shared by 12 majors in this school
University at Buffalo (SUNY Buffalo),Biomedical Engineering (BS),needs_source_check,true,official_site,false,false,false,false,true,true,Same required courses shared by 12 majors in this school
University at Buffalo (SUNY Buffalo),Chemical Engineering (BS),needs_source_check,true,official_site,false,false,false,false,true,true,Same required courses shared by 12 majors in this school
University at Buffalo (SUNY Buffalo),Civil Engineering (BS),needs_source_check,true,official_site,false,false,false,false,true,true,Same required courses shared by 12 majors in this school
University at Buffalo (SUNY Buffalo),Computer Engineering (BS),needs_source_check,true,official_site,false,false,false,false,true,true,Same required courses shared by 12 majors in this school
University at Buffalo (SUNY Buffalo),Computer Science (BS),needs_source_check,true,official_site,false,false,false,false,false,true,"Note does not state ""Verified"""
University at Buffalo (SUNY Buffalo),Computer Science (BA),needs_source_check,true,official_site,false,false,false,false,false,true,"Note does not state ""Verified"""
University at Buffalo (SUNY Buffalo),Electrical Engineering (BS),needs_source_check,true,official_site,false,false,false,false,true,true,Same required courses shared by 12 majors in this school
University at Buffalo (SUNY Buffalo),Engineering Physics (BS),needs_source_check,true,official_site,false,false,false,false,true,true,Same required courses shared by 12 majors in this school
University at Buffalo (SUNY Buffalo),Engineering Science (BS),needs_source_check,true,official_site,false,false,false,false,true,true,Same required courses shared by 12 majors in this school
University at Buffalo (SUNY Buffalo),Environmental Engineering (BS),needs_source_check,true,official_site,false,false,false,false,true,true,Same required courses shared by 12 majors in this school
University at Buffalo (SUNY Buffalo),Industrial Engineering (BS),needs_source_check,true,official_site,false,false,false,false,true,true,Same required courses shared by 12 majors in this school
University at Buffalo (SUNY Buffalo),Materials Science and Engineering (BS),needs_source_check,true,official_site,false,false,false,false,true,true,Same required courses shared by 12 majors in this school
University at Buffalo (SUNY Buffalo),Mechanical Engineering (BS),needs_source_check,true,official_site,false,false,false,false,true,true,Same required courses shared by 12 majors in this school
North Carolina State University,Computer Science,high_risk,true,official_site,false,false,false,false,true,true,No official required courses listed; Same required courses shared by 33 majors in this school
North Carolina State University,Data Science,high_risk,true,official_site,false,false,false,false,true,true,No official required courses listed; Same required courses shared by 33 majors in this school
North Carolina State University,Information Technology,high_risk,true,official_site,false,false,false,false,true,true,No official required courses listed; Same required courses shared by 33 majors in this school
North Carolina State University,Computer Engineering,high_risk,true,official_site,false,false,false,false,true,true,No official required courses listed; Same required courses shared by 33 majors in this school
North Carolina State University,Electrical Engineering,high_risk,true,official_site,false,false,false,false,true,true,No official required courses listed; Same required courses shared by 33 majors in this school
North Carolina State University,Mechanical Engineering,high_risk,true,official_site,false,false,false,false,true,true,No official required courses listed; Same required courses shared by 33 majors in this school
North Carolina State University,Civil Engineering,high_risk,true,official_site,false,false,false,false,true,true,No official required courses listed; Same required courses shared by 33 majors in this school
North Carolina State University,Chemical Engineering,high_risk,true,official_site,false,false,false,false,true,true,No official required courses listed; Same required courses shared by 33 majors in this school
North Carolina State University,Biomedical Engineering,high_risk,true,official_site,false,false,false,false,true,true,No official required courses listed; Same required courses shared by 33 majors in this school
North Carolina State University,Industrial Engineering,high_risk,true,official_site,false,false,false,false,true,true,No official required courses listed; Same required courses shared by 33 majors in this school
North Carolina State University,Aerospace Engineering,high_risk,true,official_site,false,false,false,false,true,true,No official required courses listed; Same required courses shared by 33 majors in this school
North Carolina State University,Business Administration,high_risk,true,official_site,false,false,false,false,true,true,No official required courses listed; Same required courses shared by 33 majors in this school
North Carolina State University,Finance,high_risk,true,official_site,false,false,false,false,true,true,No official required courses listed; Same required courses shared by 33 majors in this school
North Carolina State University,Accounting,high_risk,true,official_site,false,false,false,false,true,true,No official required courses listed; Same required courses shared by 33 majors in this school
North Carolina State University,Marketing,high_risk,true,official_site,false,false,false,false,true,true,No official required courses listed; Same required courses shared by 33 majors in this school
North Carolina State University,Management,high_risk,true,official_site,false,false,false,false,true,true,No official required courses listed; Same required courses shared by 33 majors in this school
North Carolina State University,Economics,high_risk,true,official_site,false,false,false,false,true,true,No official required courses listed; Same required courses shared by 33 majors in this school
North Carolina State University,Psychology,high_risk,true,official_site,false,false,false,false,true,true,No official required courses listed; Same required courses shared by 33 majors in this school
North Carolina State University,Political Science,high_risk,true,official_site,false,false,false,false,true,true,No official required courses listed; Same required courses shared by 33 majors in this school
North Carolina State University,Sociology,high_risk,true,official_site,false,false,false,false,true,true,No official required courses listed; Same required courses shared by 33 majors in this school
North Carolina State University,History,high_risk,true,official_site,false,false,false,false,true,true,No official required courses listed; Same required courses shared by 33 majors in this school
North Carolina State University,English,high_risk,true,official_site,false,false,false,false,true,true,No official required courses listed; Same required courses shared by 33 majors in this school
North Carolina State University,Communications,high_risk,true,official_site,false,false,false,false,true,true,No official required courses listed; Same required courses shared by 33 majors in this school
North Carolina State University,Biology,high_risk,true,official_site,false,false,false,false,true,true,No official required courses listed; Same required courses shared by 33 majors in this school
North Carolina State University,Biochemistry,high_risk,true,official_site,false,false,false,false,true,true,No official required courses listed; Same required courses shared by 33 majors in this school
North Carolina State University,Chemistry,high_risk,true,official_site,false,false,false,false,true,true,No official required courses listed; Same required courses shared by 33 majors in this school
North Carolina State University,Physics,high_risk,true,official_site,false,false,false,false,true,true,No official required courses listed; Same required courses shared by 33 majors in this school
North Carolina State University,Mathematics,high_risk,true,official_site,false,false,false,false,true,true,No official required courses listed; Same required courses shared by 33 majors in this school
North Carolina State University,Statistics,high_risk,true,official_site,false,false,false,false,true,true,No official required courses listed; Same required courses shared by 33 majors in this school
North Carolina State University,Public Health,high_risk,true,official_site,false,false,false,false,true,true,No official required courses listed; Same required courses shared by 33 majors in this school
North Carolina State University,Nursing,high_risk,true,official_site,false,false,false,false,true,true,No official required courses listed; Same required courses shared by 33 majors in this school
North Carolina State University,International Relations,high_risk,true,official_site,false,false,false,false,true,true,No official required courses listed; Same required courses shared by 33 majors in this school
North Carolina State University,Philosophy,high_risk,true,official_site,false,false,false,false,true,true,No official required courses listed; Same required courses shared by 33 majors in this school
North Carolina State University,Aerospace Engineering (BS),needs_source_check,true,official_site,false,false,false,false,true,true,Same required courses shared by 16 majors in this school
North Carolina State University,Biological Engineering (BS),needs_source_check,true,official_site,false,false,false,false,true,true,Same required courses shared by 16 majors in this school
North Carolina State University,Biomedical Engineering (BS),needs_source_check,true,official_site,false,false,false,false,true,true,Same required courses shared by 16 majors in this school
North Carolina State University,Chemical Engineering (BS),needs_source_check,true,official_site,false,false,false,false,true,true,Same required courses shared by 16 majors in this school
North Carolina State University,Civil Engineering (BS),needs_source_check,true,official_site,false,false,false,false,true,true,Same required courses shared by 16 majors in this school
North Carolina State University,Computer Engineering (BS),needs_source_check,true,official_site,false,false,false,false,true,true,Same required courses shared by 16 majors in this school
North Carolina State University,Computer Science (BS),needs_source_check,true,official_site,false,false,false,false,true,true,Same required courses shared by 16 majors in this school
North Carolina State University,Construction Engineering (BS),needs_source_check,true,official_site,false,false,false,false,true,true,Same required courses shared by 16 majors in this school
North Carolina State University,Electrical Engineering (BS),needs_source_check,true,official_site,false,false,false,false,true,true,Same required courses shared by 16 majors in this school
North Carolina State University,Environmental Engineering (BS),needs_source_check,true,official_site,false,false,false,false,true,true,Same required courses shared by 16 majors in this school
North Carolina State University,Industrial Engineering (BS),needs_source_check,true,official_site,false,false,false,false,true,true,Same required courses shared by 16 majors in this school
North Carolina State University,Materials Science & Engineering (BS),needs_source_check,true,official_site,false,false,false,false,true,true,Same required courses shared by 16 majors in this school
North Carolina State University,Mechanical Engineering (BS),needs_source_check,true,official_site,false,false,false,false,true,true,Same required courses shared by 16 majors in this school
North Carolina State University,Nuclear Engineering (BS),needs_source_check,true,official_site,false,false,false,false,true,true,Same required courses shared by 16 majors in this school
North Carolina State University,Paper Science & Engineering (BS),needs_source_check,true,official_site,false,false,false,false,true,true,Same required courses shared by 16 majors in this school
North Carolina State University,Textile Engineering (BS),needs_source_check,true,official_site,false,false,false,false,true,true,Same required courses shared by 16 majors in this school
University of Pittsburgh,Computer Science,high_risk,true,official_site,false,false,false,false,true,true,No official required courses listed; Same required courses shared by 33 majors in this school
University of Pittsburgh,Data Science,high_risk,true,official_site,false,false,false,false,true,true,No official required courses listed; Same required courses shared by 33 majors in this school
University of Pittsburgh,Information Technology,high_risk,true,official_site,false,false,false,false,true,true,No official required courses listed; Same required courses shared by 33 majors in this school
University of Pittsburgh,Computer Engineering,high_risk,true,official_site,false,false,false,false,true,true,No official required courses listed; Same required courses shared by 33 majors in this school
University of Pittsburgh,Electrical Engineering,high_risk,true,official_site,false,false,false,false,true,true,No official required courses listed; Same required courses shared by 33 majors in this school
University of Pittsburgh,Mechanical Engineering,high_risk,true,official_site,false,false,false,false,true,true,No official required courses listed; Same required courses shared by 33 majors in this school
University of Pittsburgh,Civil Engineering,high_risk,true,official_site,false,false,false,false,true,true,No official required courses listed; Same required courses shared by 33 majors in this school
University of Pittsburgh,Chemical Engineering,high_risk,true,official_site,false,false,false,false,true,true,No official required courses listed; Same required courses shared by 33 majors in this school
University of Pittsburgh,Biomedical Engineering,high_risk,true,official_site,false,false,false,false,true,true,No official required courses listed; Same required courses shared by 33 majors in this school
University of Pittsburgh,Industrial Engineering,high_risk,true,official_site,false,false,false,false,true,true,No official required courses listed; Same required courses shared by 33 majors in this school
University of Pittsburgh,Aerospace Engineering,high_risk,true,official_site,false,false,false,false,true,true,No official required courses listed; Same required courses shared by 33 majors in this school
University of Pittsburgh,Business Administration,high_risk,true,official_site,false,false,false,false,true,true,No official required courses listed; Same required courses shared by 33 majors in this school
University of Pittsburgh,Finance,high_risk,true,official_site,false,false,false,false,true,true,No official required courses listed; Same required courses shared by 33 majors in this school
University of Pittsburgh,Accounting,high_risk,true,official_site,false,false,false,false,true,true,No official required courses listed; Same required courses shared by 33 majors in this school
University of Pittsburgh,Marketing,high_risk,true,official_site,false,false,false,false,true,true,No official required courses listed; Same required courses shared by 33 majors in this school
University of Pittsburgh,Management,high_risk,true,official_site,false,false,false,false,true,true,No official required courses listed; Same required courses shared by 33 majors in this school
University of Pittsburgh,Economics,high_risk,true,official_site,false,false,false,false,true,true,No official required courses listed; Same required courses shared by 33 majors in this school
University of Pittsburgh,Psychology,high_risk,true,official_site,false,false,false,false,true,true,No official required courses listed; Same required courses shared by 33 majors in this school
University of Pittsburgh,Political Science,high_risk,true,official_site,false,false,false,false,true,true,No official required courses listed; Same required courses shared by 33 majors in this school
University of Pittsburgh,Sociology,high_risk,true,official_site,false,false,false,false,true,true,No official required courses listed; Same required courses shared by 33 majors in this school
University of Pittsburgh,History,high_risk,true,official_site,false,false,false,false,true,true,No official required courses listed; Same required courses shared by 33 majors in this school
University of Pittsburgh,English,high_risk,true,official_site,false,false,false,false,true,true,No official required courses listed; Same required courses shared by 33 majors in this school
University of Pittsburgh,Communications,high_risk,true,official_site,false,false,false,false,true,true,No official required courses listed; Same required courses shared by 33 majors in this school
University of Pittsburgh,Biology,high_risk,true,official_site,false,false,false,false,true,true,No official required courses listed; Same required courses shared by 33 majors in this school
University of Pittsburgh,Biochemistry,high_risk,true,official_site,false,false,false,false,true,true,No official required courses listed; Same required courses shared by 33 majors in this school
University of Pittsburgh,Chemistry,high_risk,true,official_site,false,false,false,false,true,true,No official required courses listed; Same required courses shared by 33 majors in this school
University of Pittsburgh,Physics,high_risk,true,official_site,false,false,false,false,true,true,No official required courses listed; Same required courses shared by 33 majors in this school
University of Pittsburgh,Mathematics,high_risk,true,official_site,false,false,false,false,true,true,No official required courses listed; Same required courses shared by 33 majors in this school
University of Pittsburgh,Statistics,high_risk,true,official_site,false,false,false,false,true,true,No official required courses listed; Same required courses shared by 33 majors in this school
University of Pittsburgh,Public Health,high_risk,true,official_site,false,false,false,false,true,true,No official required courses listed; Same required courses shared by 33 majors in this school
University of Pittsburgh,Nursing,high_risk,true,official_site,false,false,false,false,true,true,No official required courses listed; Same required courses shared by 33 majors in this school
University of Pittsburgh,International Relations,high_risk,true,official_site,false,false,false,false,true,true,No official required courses listed; Same required courses shared by 33 majors in this school
University of Pittsburgh,Philosophy,high_risk,true,official_site,false,false,false,false,true,true,No official required courses listed; Same required courses shared by 33 majors in this school
University of Pittsburgh,Bioengineering (BS),needs_source_check,true,official_site,false,false,false,false,true,true,Same required courses shared by 10 majors in this school
University of Pittsburgh,Chemical Engineering (BS),needs_source_check,true,official_site,false,false,false,false,true,true,Same required courses shared by 10 majors in this school
University of Pittsburgh,Civil Engineering (BS),needs_source_check,true,official_site,false,false,false,false,true,true,Same required courses shared by 10 majors in this school
University of Pittsburgh,Computer Engineering (BS),needs_source_check,true,official_site,false,false,false,false,true,true,Same required courses shared by 10 majors in this school
University of Pittsburgh,Computer Science (BS),needs_source_check,true,official_site,false,false,false,false,false,true,"Note does not state ""Verified"""
University of Pittsburgh,Electrical Engineering (BS),needs_source_check,true,official_site,false,false,false,false,true,true,Same required courses shared by 10 majors in this school
University of Pittsburgh,Engineering Science (BS),needs_source_check,true,official_site,false,false,false,false,true,true,Same required courses shared by 10 majors in this school
University of Pittsburgh,Environmental Engineering (BS),needs_source_check,true,official_site,false,false,false,false,true,true,Same required courses shared by 10 majors in this school
University of Pittsburgh,Industrial Engineering (BS),needs_source_check,true,official_site,false,false,false,false,true,true,Same required courses shared by 10 majors in this school
University of Pittsburgh,Materials Science and Engineering (BS),needs_source_check,true,official_site,false,false,false,false,true,true,Same required courses shared by 10 majors in this school
University of Pittsburgh,Mechanical Engineering (BS),needs_source_check,true,official_site,false,false,false,false,true,true,Same required courses shared by 10 majors in this school
University of Utah,Computer Science,high_risk,true,official_site,false,false,false,false,true,true,No official required courses listed; Same required courses shared by 33 majors in this school
University of Utah,Data Science,high_risk,true,official_site,false,false,false,false,true,true,No official required courses listed; Same required courses shared by 33 majors in this school
University of Utah,Information Technology,high_risk,true,official_site,false,false,false,false,true,true,No official required courses listed; Same required courses shared by 33 majors in this school
University of Utah,Computer Engineering,high_risk,true,official_site,false,false,false,false,true,true,No official required courses listed; Same required courses shared by 33 majors in this school
University of Utah,Electrical Engineering,high_risk,true,official_site,false,false,false,false,true,true,No official required courses listed; Same required courses shared by 33 majors in this school
University of Utah,Mechanical Engineering,high_risk,true,official_site,false,false,false,false,true,true,No official required courses listed; Same required courses shared by 33 majors in this school
University of Utah,Civil Engineering,high_risk,true,official_site,false,false,false,false,true,true,No official required courses listed; Same required courses shared by 33 majors in this school
University of Utah,Chemical Engineering,high_risk,true,official_site,false,false,false,false,true,true,No official required courses listed; Same required courses shared by 33 majors in this school
University of Utah,Biomedical Engineering,high_risk,true,official_site,false,false,false,false,true,true,No official required courses listed; Same required courses shared by 33 majors in this school
University of Utah,Industrial Engineering,high_risk,true,official_site,false,false,false,false,true,true,No official required courses listed; Same required courses shared by 33 majors in this school
University of Utah,Aerospace Engineering,high_risk,true,official_site,false,false,false,false,true,true,No official required courses listed; Same required courses shared by 33 majors in this school
University of Utah,Business Administration,high_risk,true,official_site,false,false,false,false,true,true,No official required courses listed; Same required courses shared by 33 majors in this school
University of Utah,Finance,high_risk,true,official_site,false,false,false,false,true,true,No official required courses listed; Same required courses shared by 33 majors in this school
University of Utah,Accounting,high_risk,true,official_site,false,false,false,false,true,true,No official required courses listed; Same required courses shared by 33 majors in this school
University of Utah,Marketing,high_risk,true,official_site,false,false,false,false,true,true,No official required courses listed; Same required courses shared by 33 majors in this school
University of Utah,Management,high_risk,true,official_site,false,false,false,false,true,true,No official required courses listed; Same required courses shared by 33 majors in this school
University of Utah,Economics,high_risk,true,official_site,false,false,false,false,true,true,No official required courses listed; Same required courses shared by 33 majors in this school
University of Utah,Psychology,high_risk,true,official_site,false,false,false,false,true,true,No official required courses listed; Same required courses shared by 33 majors in this school
University of Utah,Political Science,high_risk,true,official_site,false,false,false,false,true,true,No official required courses listed; Same required courses shared by 33 majors in this school
University of Utah,Sociology,high_risk,true,official_site,false,false,false,false,true,true,No official required courses listed; Same required courses shared by 33 majors in this school
University of Utah,History,high_risk,true,official_site,false,false,false,false,true,true,No official required courses listed; Same required courses shared by 33 majors in this school
University of Utah,English,high_risk,true,official_site,false,false,false,false,true,true,No official required courses listed; Same required courses shared by 33 majors in this school
University of Utah,Communications,high_risk,true,official_site,false,false,false,false,true,true,No official required courses listed; Same required courses shared by 33 majors in this school
University of Utah,Biology,high_risk,true,official_site,false,false,false,false,true,true,No official required courses listed; Same required courses shared by 33 majors in this school
University of Utah,Biochemistry,high_risk,true,official_site,false,false,false,false,true,true,No official required courses listed; Same required courses shared by 33 majors in this school
University of Utah,Chemistry,high_risk,true,official_site,false,false,false,false,true,true,No official required courses listed; Same required courses shared by 33 majors in this school
University of Utah,Physics,high_risk,true,official_site,false,false,false,false,true,true,No official required courses listed; Same required courses shared by 33 majors in this school
University of Utah,Mathematics,high_risk,true,official_site,false,false,false,false,true,true,No official required courses listed; Same required courses shared by 33 majors in this school
University of Utah,Statistics,high_risk,true,official_site,false,false,false,false,true,true,No official required courses listed; Same required courses shared by 33 majors in this school
University of Utah,Public Health,high_risk,true,official_site,false,false,false,false,true,true,No official required courses listed; Same required courses shared by 33 majors in this school
University of Utah,Nursing,high_risk,true,official_site,false,false,false,false,true,true,No official required courses listed; Same required courses shared by 33 majors in this school
University of Utah,International Relations,high_risk,true,official_site,false,false,false,false,true,true,No official required courses listed; Same required courses shared by 33 majors in this school
University of Utah,Philosophy,high_risk,true,official_site,false,false,false,false,true,true,No official required courses listed; Same required courses shared by 33 majors in this school
University of Utah,Biomedical Engineering (BS),needs_source_check,true,official_site,false,false,false,false,true,true,Same required courses shared by 7 majors in this school
University of Utah,Chemical Engineering (BS),needs_source_check,true,official_site,false,false,false,false,true,true,Same required courses shared by 7 majors in this school
University of Utah,Civil Engineering (BS),needs_source_check,true,official_site,false,false,false,false,true,true,Same required courses shared by 7 majors in this school
University of Utah,Computer Engineering (BS),needs_source_check,true,official_site,false,false,false,false,true,true,Same required courses shared by 7 majors in this school
University of Utah,Computer Science (BS),needs_source_check,false,none,false,false,false,false,true,true,Same required courses shared by 3 majors in this school
University of Utah,Construction Engineering (BS),needs_source_check,true,official_site,false,false,false,false,true,true,Same required courses shared by 7 majors in this school
University of Utah,Data Science (BS),needs_source_check,false,none,false,false,false,false,true,true,Same required courses shared by 3 majors in this school
University of Utah,Electrical Engineering (BS),needs_source_check,true,official_site,false,false,false,false,true,true,Same required courses shared by 7 majors in this school
University of Utah,Materials Science and Engineering (BS),needs_source_check,true,official_site,false,false,false,false,true,true,Same required courses shared by 7 majors in this school
University of Utah,Mechanical Engineering (BS),needs_source_check,true,official_site,false,false,false,false,false,true,"Note does not state ""Verified"""
University of Utah,Software Development (BS),needs_source_check,false,none,false,false,false,false,true,true,Same required courses shared by 3 majors in this school
Drexel University,Computer Science,high_risk,true,official_site,false,false,false,false,true,true,No official required courses listed; Same required courses shared by 30 majors in this school
Drexel University,Data Science,high_risk,true,official_site,false,false,false,false,true,true,No official required courses listed; Same required courses shared by 30 majors in this school
Drexel University,Information Technology,high_risk,true,official_site,false,false,false,false,true,true,No official required courses listed; Same required courses shared by 30 majors in this school
Drexel University,Computer Engineering,needs_source_check,true,official_site,false,false,false,false,true,true,Same required courses shared by 8 majors in this school
Drexel University,Electrical Engineering,needs_source_check,true,official_site,false,false,false,false,true,true,Same required courses shared by 8 majors in this school
Drexel University,Mechanical Engineering,needs_source_check,true,official_site,false,false,false,false,true,true,Same required courses shared by 8 majors in this school
Drexel University,Civil Engineering,needs_source_check,true,official_site,false,false,false,false,true,true,Same required courses shared by 8 majors in this school
Drexel University,Chemical Engineering,needs_source_check,true,official_site,false,false,false,false,true,true,Same required courses shared by 8 majors in this school
Drexel University,Biomedical Engineering,high_risk,true,official_site,false,false,false,false,true,true,No official required courses listed; Same required courses shared by 30 majors in this school
Drexel University,Industrial Engineering,high_risk,true,official_site,false,false,false,false,true,true,No official required courses listed; Same required courses shared by 30 majors in this school
Drexel University,Aerospace Engineering,high_risk,true,official_site,false,false,false,false,true,true,No official required courses listed; Same required courses shared by 30 majors in this school
Drexel University,Business Administration,high_risk,true,official_site,false,false,false,false,true,true,No official required courses listed; Same required courses shared by 30 majors in this school
Drexel University,Finance,high_risk,true,official_site,false,false,false,false,true,true,No official required courses listed; Same required courses shared by 30 majors in this school
Drexel University,Accounting,high_risk,true,official_site,false,false,false,false,true,true,No official required courses listed; Same required courses shared by 30 majors in this school
Drexel University,Marketing,high_risk,true,official_site,false,false,false,false,true,true,No official required courses listed; Same required courses shared by 30 majors in this school
Drexel University,Management,high_risk,true,official_site,false,false,false,false,true,true,No official required courses listed; Same required courses shared by 30 majors in this school
Drexel University,Economics,high_risk,true,official_site,false,false,false,false,true,true,No official required courses listed; Same required courses shared by 30 majors in this school
Drexel University,Psychology,high_risk,true,official_site,false,false,false,false,true,true,No official required courses listed; Same required courses shared by 30 majors in this school
Drexel University,Political Science,high_risk,true,official_site,false,false,false,false,true,true,No official required courses listed; Same required courses shared by 30 majors in this school
Drexel University,Sociology,high_risk,true,official_site,false,false,false,false,true,true,No official required courses listed; Same required courses shared by 30 majors in this school
Drexel University,History,high_risk,true,official_site,false,false,false,false,true,true,No official required courses listed; Same required courses shared by 30 majors in this school
Drexel University,English,high_risk,true,official_site,false,false,false,false,true,true,No official required courses listed; Same required courses shared by 30 majors in this school
Drexel University,Communications,high_risk,true,official_site,false,false,false,false,true,true,No official required courses listed; Same required courses shared by 30 majors in this school
Drexel University,Biology,high_risk,true,official_site,false,false,false,false,true,true,No official required courses listed; Same required courses shared by 30 majors in this school
Drexel University,Biochemistry,high_risk,true,official_site,false,false,false,false,true,true,No official required courses listed; Same required courses shared by 30 majors in this school
Drexel University,Chemistry,high_risk,true,official_site,false,false,false,false,true,true,No official required courses listed; Same required courses shared by 30 majors in this school
Drexel University,Physics,high_risk,true,official_site,false,false,false,false,true,true,No official required courses listed; Same required courses shared by 30 majors in this school
Drexel University,Mathematics,high_risk,true,official_site,false,false,false,false,true,true,No official required courses listed; Same required courses shared by 30 majors in this school
Drexel University,Statistics,high_risk,true,official_site,false,false,false,false,true,true,No official required courses listed; Same required courses shared by 30 majors in this school
Drexel University,Public Health,high_risk,true,official_site,false,false,false,false,true,true,No official required courses listed; Same required courses shared by 30 majors in this school
Drexel University,Nursing,high_risk,true,official_site,false,false,false,false,true,true,No official required courses listed; Same required courses shared by 30 majors in this school
Drexel University,International Relations,high_risk,true,official_site,false,false,false,false,true,true,No official required courses listed; Same required courses shared by 30 majors in this school
Drexel University,Philosophy,high_risk,true,official_site,false,false,false,false,true,true,No official required courses listed; Same required courses shared by 30 majors in this school
Drexel University,Architectural Engineering,needs_source_check,true,official_site,false,false,false,false,true,true,Same required courses shared by 8 majors in this school
Drexel University,Construction Management,high_risk,true,official_site,false,false,false,false,true,true,No official required courses listed; Same required courses shared by 30 majors in this school
Drexel University,Engineering Technology,high_risk,true,official_site,false,false,false,false,true,true,No official required courses listed; Same required courses shared by 30 majors in this school
Drexel University,Environmental Engineering,needs_source_check,true,official_site,false,false,false,false,true,true,Same required courses shared by 8 majors in this school
Drexel University,Materials Science and Engineering,needs_source_check,true,official_site,false,false,false,false,true,true,Same required courses shared by 8 majors in this school
Iowa State University,Computer Science,high_risk,true,official_site,false,false,false,false,true,true,No official required courses listed; Same required courses shared by 25 majors in this school
Iowa State University,Data Science,high_risk,true,official_site,false,false,false,false,true,true,No official required courses listed; Same required courses shared by 25 majors in this school
Iowa State University,Information Technology,high_risk,true,official_site,false,false,false,false,true,true,No official required courses listed; Same required courses shared by 25 majors in this school
Iowa State University,Computer Engineering,needs_source_check,true,official_site,false,false,false,false,true,true,Same required courses shared by 15 majors in this school
Iowa State University,Electrical Engineering,needs_source_check,true,official_site,false,false,false,false,true,true,Same required courses shared by 15 majors in this school
Iowa State University,Mechanical Engineering,needs_source_check,true,official_site,false,false,false,false,true,true,Same required courses shared by 15 majors in this school
Iowa State University,Civil Engineering,needs_source_check,true,official_site,false,false,false,false,true,true,Same required courses shared by 15 majors in this school
Iowa State University,Chemical Engineering,needs_source_check,true,official_site,false,false,false,false,true,true,Same required courses shared by 15 majors in this school
Iowa State University,Biomedical Engineering,needs_source_check,true,official_site,false,false,false,false,true,true,Same required courses shared by 15 majors in this school
Iowa State University,Industrial Engineering,needs_source_check,true,official_site,false,false,false,false,true,true,Same required courses shared by 15 majors in this school
Iowa State University,Aerospace Engineering,needs_source_check,true,official_site,false,false,false,false,true,true,Same required courses shared by 15 majors in this school
Iowa State University,Business Administration,high_risk,true,official_site,false,false,false,false,true,true,No official required courses listed; Same required courses shared by 25 majors in this school
Iowa State University,Finance,high_risk,true,official_site,false,false,false,false,true,true,No official required courses listed; Same required courses shared by 25 majors in this school
Iowa State University,Accounting,high_risk,true,official_site,false,false,false,false,true,true,No official required courses listed; Same required courses shared by 25 majors in this school
Iowa State University,Marketing,high_risk,true,official_site,false,false,false,false,true,true,No official required courses listed; Same required courses shared by 25 majors in this school
Iowa State University,Management,high_risk,true,official_site,false,false,false,false,true,true,No official required courses listed; Same required courses shared by 25 majors in this school
Iowa State University,Economics,high_risk,true,official_site,false,false,false,false,true,true,No official required courses listed; Same required courses shared by 25 majors in this school
Iowa State University,Psychology,high_risk,true,official_site,false,false,false,false,true,true,No official required courses listed; Same required courses shared by 25 majors in this school
Iowa State University,Political Science,high_risk,true,official_site,false,false,false,false,true,true,No official required courses listed; Same required courses shared by 25 majors in this school
Iowa State University,Sociology,high_risk,true,official_site,false,false,false,false,true,true,No official required courses listed; Same required courses shared by 25 majors in this school
Iowa State University,History,high_risk,true,official_site,false,false,false,false,true,true,No official required courses listed; Same required courses shared by 25 majors in this school
Iowa State University,English,high_risk,true,official_site,false,false,false,false,true,true,No official required courses listed; Same required courses shared by 25 majors in this school
Iowa State University,Communications,high_risk,true,official_site,false,false,false,false,true,true,No official required courses listed; Same required courses shared by 25 majors in this school
Iowa State University,Biology,high_risk,true,official_site,false,false,false,false,true,true,No official required courses listed; Same required courses shared by 25 majors in this school
Iowa State University,Biochemistry,high_risk,true,official_site,false,false,false,false,true,true,No official required courses listed; Same required courses shared by 25 majors in this school
Iowa State University,Chemistry,high_risk,true,official_site,false,false,false,false,true,true,No official required courses listed; Same required courses shared by 25 majors in this school
Iowa State University,Physics,high_risk,true,official_site,false,false,false,false,true,true,No official required courses listed; Same required courses shared by 25 majors in this school
Iowa State University,Mathematics,high_risk,true,official_site,false,false,false,false,true,true,No official required courses listed; Same required courses shared by 25 majors in this school
Iowa State University,Statistics,high_risk,true,official_site,false,false,false,false,true,true,No official required courses listed; Same required courses shared by 25 majors in this school
Iowa State University,Public Health,high_risk,true,official_site,false,false,false,false,true,true,No official required courses listed; Same required courses shared by 25 majors in this school
Iowa State University,Nursing,high_risk,true,official_site,false,false,false,false,true,true,No official required courses listed; Same required courses shared by 25 majors in this school
Iowa State University,International Relations,high_risk,true,official_site,false,false,false,false,true,true,No official required courses listed; Same required courses shared by 25 majors in this school
Iowa State University,Philosophy,high_risk,true,official_site,false,false,false,false,true,true,No official required courses listed; Same required courses shared by 25 majors in this school
Iowa State University,Agricultural Engineering,needs_source_check,true,official_site,false,false,false,false,true,true,Same required courses shared by 15 majors in this school
Iowa State University,Biological Systems Engineering,needs_source_check,true,official_site,false,false,false,false,true,true,Same required courses shared by 15 majors in this school
Iowa State University,Construction Engineering,needs_source_check,true,official_site,false,false,false,false,true,true,Same required courses shared by 15 majors in this school
Iowa State University,Cyber Security Engineering,needs_source_check,true,official_site,false,false,false,false,true,true,Same required courses shared by 15 majors in this school
Iowa State University,Environmental Engineering,needs_source_check,true,official_site,false,false,false,false,true,true,Same required courses shared by 15 majors in this school
Iowa State University,Materials Engineering,needs_source_check,true,official_site,false,false,false,false,true,true,Same required courses shared by 15 majors in this school
Iowa State University,Software Engineering,needs_source_check,true,official_site,false,false,false,false,true,true,Same required courses shared by 15 majors in this school